method,case_id,split,true_center_shift,pred_center_shift,center_shift_ci90_low,center_shift_ci90_high,true_source_width,pred_source_width,source_width_ci90_low,source_width_ci90_high,true_closure_coeff,pred_closure_coeff,closure_coeff_ci90_low,closure_coeff_ci90_high
bayesian_hidden_source_closure_posterior,P169-CASE-000,train,-0.045,-0.0445679012,-0.0445679012,-0.0445679012,0.036,0.0354347868,0.0354347826,0.0354347826,-0.115,-0.1070751461,-0.1070750088,-0.1070750088
calibrated_bayesian_hidden_source_closure_posterior,P169-CASE-000,train,-0.045,-0.0445679012,-0.0635103399,-0.0256254626,0.036,0.0354347868,0.0164923482,0.0543772254,-0.115,-0.1070751461,-0.1260175847,-0.0881327075
grid_least_squares_source_closure_control,P169-CASE-000,train,-0.045,-0.0445679012,,,0.036,0.0354347826,,,-0.115,-0.1070750088,,
no_closure_source_control,P169-CASE-000,train,-0.045,-0.0445679012,,,0.036,0.0354347826,,,-0.115,0,,
moment_linearized_closure_control,P169-CASE-000,train,-0.045,-0.0149731416,,,0.036,0.1086773011,,,-0.115,-0.2,,
extra_trees_sensor_control,P169-CASE-000,train,-0.045,-0.0219113095,,,0.036,0.0572417411,,,-0.115,-0.0972239583,,
bayesian_hidden_source_closure_posterior,P169-CASE-001,val,-0.045,-0.0445679012,-0.0445679012,-0.0445679012,0.036,0.0354668556,0.0354347826,0.0354347826,-0.045,-0.0547634096,-0.0537273134,-0.0537273134
calibrated_bayesian_hidden_source_closure_posterior,P169-CASE-001,val,-0.045,-0.0445679012,-0.0635103399,-0.0256254626,0.036,0.0354668556,0.016524417,0.0544092942,-0.045,-0.0547634096,-0.0737058482,-0.035820971
grid_least_squares_source_closure_control,P169-CASE-001,val,-0.045,-0.0445679012,,,0.036,0.0354347826,,,-0.045,-0.0537273134,,
no_closure_source_control,P169-CASE-001,val,-0.045,-0.0445679012,,,0.036,0.0354347826,,,-0.045,0,,
moment_linearized_closure_control,P169-CASE-001,val,-0.045,-0.0144393878,,,0.036,0.1113680619,,,-0.045,-0.2,,
extra_trees_sensor_control,P169-CASE-001,val,-0.045,-0.0188306548,,,0.036,0.064435119,,,-0.045,-0.0195539435,,
bayesian_hidden_source_closure_posterior,P169-CASE-002,train,-0.045,-0.0445679012,-0.0445679012,-0.0445679012,0.036,0.0354348447,0.0354347826,0.0354347826,0.035,0.0632432574,0.0632452301,0.0632452301
calibrated_bayesian_hidden_source_closure_posterior,P169-CASE-002,train,-0.045,-0.0445679012,-0.0635103399,-0.0256254626,0.036,0.0354348447,0.016492406,0.0543772833,0.035,0.0632432574,0.0443008188,0.0821856961
grid_least_squares_source_closure_control,P169-CASE-002,train,-0.045,-0.0445679012,,,0.036,0.0354347826,,,0.035,0.0632452301,,
no_closure_source_control,P169-CASE-002,train,-0.045,-0.0445679012,,,0.036,0.0354347826,,,0.035,0,,
moment_linearized_closure_control,P169-CASE-002,train,-0.045,-0.0124931764,,,0.036,0.1096000462,,,0.035,-0.2,,
extra_trees_sensor_control,P169-CASE-002,train,-0.045,-0.0253670015,,,0.036,0.0598973214,,,0.035,0.0558924851,,
bayesian_hidden_source_closure_posterior,P169-CASE-003,test,-0.045,-0.0445679012,-0.0445679012,-0.0445679012,0.036,0.0354350781,0.0354347826,0.0354347826,0.105,0.1551992086,0.1552084434,0.1552084434
calibrated_bayesian_hidden_source_closure_posterior,P169-CASE-003,test,-0.045,-0.0445679012,-0.0635103399,-0.0256254626,0.036,0.0354350781,0.0164926395,0.0543775167,0.105,0.1551992086,0.13625677,0.1741416473
grid_least_squares_source_closure_control,P169-CASE-003,test,-0.045,-0.0445679012,,,0.036,0.0354347826,,,0.105,0.1552084434,,
no_closure_source_control,P169-CASE-003,test,-0.045,-0.0445679012,,,0.036,0.0365217391,,,0.105,0,,
moment_linearized_closure_control,P169-CASE-003,test,-0.045,-0.0123756619,,,0.036,0.1133267512,,,0.105,-0.2,,
extra_trees_sensor_control,P169-CASE-003,test,-0.045,-0.0262848214,,,0.036,0.0648848958,,,0.105,0.0690372024,,
bayesian_hidden_source_closure_posterior,P169-CASE-004,train,-0.045,-0.0445679012,-0.0445679012,-0.0445679012,0.054,0.0539130435,0.0539130435,0.0539130435,-0.115,-0.1048905306,-0.1048905306,-0.1048905306
calibrated_bayesian_hidden_source_closure_posterior,P169-CASE-004,train,-0.045,-0.0445679012,-0.0635103399,-0.0256254626,0.054,0.0539130435,0.0349706049,0.0728554821,-0.115,-0.1048905306,-0.1238329692,-0.0859480919
grid_least_squares_source_closure_control,P169-CASE-004,train,-0.045,-0.0445679012,,,0.054,0.0539130435,,,-0.115,-0.1048905306,,
no_closure_source_control,P169-CASE-004,train,-0.045,-0.0445679012,,,0.054,0.0539130435,,,-0.115,0,,
moment_linearized_closure_control,P169-CASE-004,train,-0.045,-0.0143270106,,,0.054,0.1143855865,,,-0.115,-0.2,,
extra_trees_sensor_control,P169-CASE-004,train,-0.045,-0.0268465402,,,0.054,0.0635376488,,,-0.115,-0.1045710565,,
bayesian_hidden_source_closure_posterior,P169-CASE-005,test,-0.045,-0.0445679012,-0.0445679012,-0.0445679012,0.054,0.0539130435,0.0539130435,0.0539130435,-0.045,-0.0555445414,-0.0555445414,-0.0555445414
calibrated_bayesian_hidden_source_closure_posterior,P169-CASE-005,test,-0.045,-0.0445679012,-0.0635103399,-0.0256254626,0.054,0.0539130435,0.0349706049,0.0728554821,-0.045,-0.0555445414,-0.07448698,-0.0366021028
grid_least_squares_source_closure_control,P169-CASE-005,test,-0.045,-0.0445679012,,,0.054,0.0539130435,,,-0.045,-0.0555445414,,
no_closure_source_control,P169-CASE-005,test,-0.045,-0.0445679012,,,0.054,0.0539130435,,,-0.045,0,,
moment_linearized_closure_control,P169-CASE-005,test,-0.045,-0.0145516566,,,0.054,0.1150259954,,,-0.045,-0.2,,
extra_trees_sensor_control,P169-CASE-005,test,-0.045,-0.0184997396,,,0.054,0.0634653274,,,-0.045,0.0061190476,,
bayesian_hidden_source_closure_posterior,P169-CASE-006,train,-0.045,-0.0445679012,-0.0445679012,-0.0445679012,0.054,0.0539130435,0.0539130435,0.0539130435,0.035,0.0417873536,0.0417873536,0.0417873536
calibrated_bayesian_hidden_source_closure_posterior,P169-CASE-006,train,-0.045,-0.0445679012,-0.0635103399,-0.0256254626,0.054,0.0539130435,0.0349706049,0.0728554821,0.035,0.0417873536,0.022844915,0.0607297922
grid_least_squares_source_closure_control,P169-CASE-006,train,-0.045,-0.0445679012,,,0.054,0.0539130435,,,0.035,0.0417873536,,
no_closure_source_control,P169-CASE-006,train,-0.045,-0.0445679012,,,0.054,0.0539130435,,,0.035,0,,
moment_linearized_closure_control,P169-CASE-006,train,-0.045,-0.0129556762,,,0.054,0.1149457582,,,0.035,-0.2,,
extra_trees_sensor_control,P169-CASE-006,train,-0.045,-0.0256321801,,,0.054,0.0653199405,,,0.035,0.0062165179,,
bayesian_hidden_source_closure_posterior,P169-CASE-007,train,-0.045,-0.0445679012,-0.0445679012,-0.0445679012,0.054,0.0539130435,0.0539130435,0.0539130435,0.105,0.0935433646,0.0935433646,0.0935433646
calibrated_bayesian_hidden_source_closure_posterior,P169-CASE-007,train,-0.045,-0.0445679012,-0.0635103399,-0.0256254626,0.054,0.0539130435,0.0349706049,0.0728554821,0.105,0.0935433646,0.074600926,0.1124858033
grid_least_squares_source_closure_control,P169-CASE-007,train,-0.045,-0.0445679012,,,0.054,0.0539130435,,,0.105,0.0935433646,,
no_closure_source_control,P169-CASE-007,train,-0.045,-0.0445679012,,,0.054,0.0539130435,,,0.105,0,,
moment_linearized_closure_control,P169-CASE-007,train,-0.045,-0.0115502374,,,0.054,0.1156257449,,,0.105,-0.2,,
extra_trees_sensor_control,P169-CASE-007,train,-0.045,-0.0339045759,,,0.054,0.0719200149,,,0.105,0.0885833333,,
bayesian_hidden_source_closure_posterior,P169-CASE-008,train,-0.045,-0.0445679012,-0.0445679012,-0.0445679012,0.074,0.0745396158,0.0745652174,0.0745652174,-0.115,-0.1613169048,-0.1620285895,-0.1620285895
calibrated_bayesian_hidden_source_closure_posterior,P169-CASE-008,train,-0.045,-0.0445679012,-0.0635103399,-0.0256254626,0.074,0.0745396158,0.0555971771,0.0934820544,-0.115,-0.1613169048,-0.1802593434,-0.1423744661
grid_least_squares_source_closure_control,P169-CASE-008,train,-0.045,-0.0445679012,,,0.074,0.0745652174,,,-0.115,-0.1620285895,,
no_closure_source_control,P169-CASE-008,train,-0.045,-0.0445679012,,,0.074,0.0734782609,,,-0.115,0,,
moment_linearized_closure_control,P169-CASE-008,train,-0.045,-0.0144700142,,,0.074,0.12,,,-0.115,-0.2,,
extra_trees_sensor_control,P169-CASE-008,train,-0.045,-0.0286322545,,,0.074,0.0699438244,,,-0.115,-0.0961499256,,
bayesian_hidden_source_closure_posterior,P169-CASE-009,train,-0.045,-0.0445679012,-0.0445679012,-0.0445679012,0.074,0.0744996071,0.0734782609,0.0745652174,-0.045,-0.0643141624,-0.0661083712,-0.036383976
calibrated_bayesian_hidden_source_closure_posterior,P169-CASE-009,train,-0.045,-0.0445679012,-0.0635103399,-0.0256254626,0.074,0.0744996071,-10294803.53,10294803.67,-0.045,-0.0643141624,-281526266.4,281526266.3
grid_least_squares_source_closure_control,P169-CASE-009,train,-0.045,-0.0445679012,,,0.074,0.0745652174,,,-0.045,-0.0661083712,,
no_closure_source_control,P169-CASE-009,train,-0.045,-0.0445679012,,,0.074,0.0734782609,,,-0.045,0,,
moment_linearized_closure_control,P169-CASE-009,train,-0.045,-0.0132371545,,,0.074,0.12,,,-0.045,-0.2,,
extra_trees_sensor_control,P169-CASE-009,train,-0.045,-0.0277459449,,,0.074,0.0737779762,,,-0.045,-0.039750744,,
bayesian_hidden_source_closure_posterior,P169-CASE-010,val,-0.045,-0.0445679012,-0.0445679012,-0.0445679012,0.074,0.0745651281,0.0745652174,0.0745652174,0.035,0.0185958345,0.0185934088,0.0185934088
calibrated_bayesian_hidden_source_closure_posterior,P169-CASE-010,val,-0.045,-0.0445679012,-0.0635103399,-0.0256254626,0.074,0.0745651281,0.0556226895,0.0935075668,0.035,0.0185958345,-0.0003466042,0.0375382731
grid_least_squares_source_closure_control,P169-CASE-010,val,-0.045,-0.0445679012,,,0.074,0.0745652174,,,0.035,0.0185934088,,
no_closure_source_control,P169-CASE-010,val,-0.045,-0.0445679012,,,0.074,0.0745652174,,,0.035,0,,
moment_linearized_closure_control,P169-CASE-010,val,-0.045,-0.0123336232,,,0.074,0.12,,,0.035,-0.2,,
extra_trees_sensor_control,P169-CASE-010,val,-0.045,-0.0246463542,,,0.074,0.0709365327,,,0.035,-0.0130033482,,
bayesian_hidden_source_closure_posterior,P169-CASE-011,train,-0.045,-0.0445679012,-0.0445679012,-0.0445679012,0.074,0.0745472503,0.0745652174,0.0745652174,0.105,0.060986951,0.0605091847,0.0605091847
calibrated_bayesian_hidden_source_closure_posterior,P169-CASE-011,train,-0.045,-0.0445679012,-0.0635103399,-0.0256254626,0.074,0.0745472503,0.0556048117,0.093489689,0.105,0.060986951,0.0420445124,0.0799293896
grid_least_squares_source_closure_control,P169-CASE-011,train,-0.045,-0.0445679012,,,0.074,0.0745652174,,,0.105,0.0605091847,,
no_closure_source_control,P169-CASE-011,train,-0.045,-0.0445679012,,,0.074,0.0745652174,,,0.105,0,,
moment_linearized_closure_control,P169-CASE-011,train,-0.045,-0.0118086205,,,0.074,0.12,,,0.105,-0.2,,
extra_trees_sensor_control,P169-CASE-011,train,-0.045,-0.0338400298,,,0.074,0.0753077381,,,0.105,0.0907473958,,
bayesian_hidden_source_closure_posterior,P169-CASE-012,val,-0.045,-0.0445679012,-0.0445679012,-0.0445679012,0.096,0.0962350275,0.0952173913,0.0963043478,-0.115,-0.1311159012,-0.1328242851,-0.1060364717
calibrated_bayesian_hidden_source_closure_posterior,P169-CASE-012,val,-0.045,-0.0445679012,-0.0635103399,-0.0256254626,0.096,0.0962350275,-10294803.5,10294803.7,-0.115,-0.1311159012,-253713255.4,253713255.2
grid_least_squares_source_closure_control,P169-CASE-012,val,-0.045,-0.0445679012,,,0.096,0.0963043478,,,-0.115,-0.1328242851,,
no_closure_source_control,P169-CASE-012,val,-0.045,-0.0445679012,,,0.096,0.0952173913,,,-0.115,0,,
moment_linearized_closure_control,P169-CASE-012,val,-0.045,-0.0111031395,,,0.096,0.12,,,-0.115,-0.2,,
extra_trees_sensor_control,P169-CASE-012,val,-0.045,-0.0283720238,,,0.096,0.0731355655,,,-0.115,-0.0712154018,,
bayesian_hidden_source_closure_posterior,P169-CASE-013,train,-0.045,-0.0445679012,-0.0445679012,-0.0445679012,0.096,0.0963042811,0.0963043478,0.0963043478,-0.045,-0.0775178134,-0.0775194501,-0.0775194501
calibrated_bayesian_hidden_source_closure_posterior,P169-CASE-013,train,-0.045,-0.0445679012,-0.0635103399,-0.0256254626,0.096,0.0963042811,0.0773618425,0.1152467197,-0.045,-0.0775178134,-0.096460252,-0.0585753748
grid_least_squares_source_closure_control,P169-CASE-013,train,-0.045,-0.0445679012,,,0.096,0.0963043478,,,-0.045,-0.0775194501,,
no_closure_source_control,P169-CASE-013,train,-0.045,-0.0445679012,,,0.096,0.0963043478,,,-0.045,0,,
moment_linearized_closure_control,P169-CASE-013,train,-0.045,-0.0108161575,,,0.096,0.12,,,-0.045,-0.2,,
extra_trees_sensor_control,P169-CASE-013,train,-0.045,-0.0284422991,,,0.096,0.0754468006,,,-0.045,-0.019906622,,
bayesian_hidden_source_closure_posterior,P169-CASE-014,test,-0.045,-0.0445679043,-0.0445679012,-0.0445679012,0.096,0.096301267,0.0963043478,0.0963043478,0.035,0.0088525882,0.0087773666,0.0087773666
calibrated_bayesian_hidden_source_closure_posterior,P169-CASE-014,test,-0.045,-0.0445679043,-0.0635103429,-0.0256254657,0.096,0.096301267,0.0773588284,0.1152437057,0.035,0.0088525882,-0.0100898505,0.0277950268
grid_least_squares_source_closure_control,P169-CASE-014,test,-0.045,-0.0445679012,,,0.096,0.0963043478,,,0.035,0.0087773666,,
no_closure_source_control,P169-CASE-014,test,-0.045,-0.0445679012,,,0.096,0.0963043478,,,0.035,0,,
moment_linearized_closure_control,P169-CASE-014,test,-0.045,-0.0093811662,,,0.096,0.12,,,0.035,-0.2,,
extra_trees_sensor_control,P169-CASE-014,test,-0.045,-0.0278950149,,,0.096,0.0729342262,,,0.035,0.0301019345,,
bayesian_hidden_source_closure_posterior,P169-CASE-015,train,-0.045,-0.0445679012,-0.0445679012,-0.0445679012,0.096,0.0963043478,0.0963043478,0.0963043478,0.105,0.0756939459,0.0756939458,0.0756939458
calibrated_bayesian_hidden_source_closure_posterior,P169-CASE-015,train,-0.045,-0.0445679012,-0.0635103399,-0.0256254626,0.096,0.0963043478,0.0773619092,0.1152467864,0.105,0.0756939459,0.0567515072,0.0946363845
grid_least_squares_source_closure_control,P169-CASE-015,train,-0.045,-0.0445679012,,,0.096,0.0963043478,,,0.105,0.0756939458,,
no_closure_source_control,P169-CASE-015,train,-0.045,-0.0445679012,,,0.096,0.0963043478,,,0.105,0,,
moment_linearized_closure_control,P169-CASE-015,train,-0.045,-0.0090015532,,,0.096,0.12,,,0.105,-0.2,,
extra_trees_sensor_control,P169-CASE-015,train,-0.045,-0.0329866443,,,0.096,0.0761020089,,,0.105,0.0895442708,,
bayesian_hidden_source_closure_posterior,P169-CASE-016,val,-0.02,-0.0198765432,-0.0198765432,-0.0198765432,0.036,0.03631296,0.0354347826,0.0365217391,-0.115,-0.1315340123,-0.1378518163,-0.1049597442
calibrated_bayesian_hidden_source_closure_posterior,P169-CASE-016,val,-0.02,-0.0198765432,-0.0388189818,-0.0009341046,0.036,0.03631296,-10294803.56,10294803.64,-0.115,-0.1315340123,-311528028.8,311528028.5
grid_least_squares_source_closure_control,P169-CASE-016,val,-0.02,-0.0198765432,,,0.036,0.0365217391,,,-0.115,-0.1378518163,,
no_closure_source_control,P169-CASE-016,val,-0.02,-0.0198765432,,,0.036,0.0354347826,,,-0.115,0,,
moment_linearized_closure_control,P169-CASE-016,val,-0.02,0.0115763862,,,0.036,0.1079737491,,,-0.115,-0.2,,
extra_trees_sensor_control,P169-CASE-016,val,-0.02,-0.0104251488,,,0.036,0.0566,,,-0.115,-0.0744263393,,
bayesian_hidden_source_closure_posterior,P169-CASE-017,train,-0.02,-0.0198765432,-0.0198765432,-0.0198765432,0.036,0.0365198113,0.0365217391,0.0365217391,-0.045,-0.0584173964,-0.0584747516,-0.0584747516
calibrated_bayesian_hidden_source_closure_posterior,P169-CASE-017,train,-0.02,-0.0198765432,-0.0388189818,-0.0009341046,0.036,0.0365198113,0.0175773726,0.0554622499,-0.045,-0.0584173964,-0.077359835,-0.0394749578
grid_least_squares_source_closure_control,P169-CASE-017,train,-0.02,-0.0198765432,,,0.036,0.0365217391,,,-0.045,-0.0584747516,,
no_closure_source_control,P169-CASE-017,train,-0.02,-0.0198765432,,,0.036,0.0365217391,,,-0.045,0,,
moment_linearized_closure_control,P169-CASE-017,train,-0.02,0.0120981127,,,0.036,0.1074446526,,,-0.045,-0.2,,
extra_trees_sensor_control,P169-CASE-017,train,-0.02,-0.0145057292,,,0.036,0.0549709077,,,-0.045,-0.0129427083,,
bayesian_hidden_source_closure_posterior,P169-CASE-018,test,-0.02,-0.0198765432,-0.0198765432,-0.0198765432,0.036,0.0354562903,0.0354347826,0.0354347826,0.035,0.0456742819,0.0463036479,0.0463036479
calibrated_bayesian_hidden_source_closure_posterior,P169-CASE-018,test,-0.02,-0.0198765432,-0.0388189818,-0.0009341046,0.036,0.0354562903,0.0165138516,0.0543987289,0.035,0.0456742819,0.0267318432,0.0646167205
grid_least_squares_source_closure_control,P169-CASE-018,test,-0.02,-0.0198765432,,,0.036,0.0354347826,,,0.035,0.0463036479,,
no_closure_source_control,P169-CASE-018,test,-0.02,-0.0198765432,,,0.036,0.0365217391,,,0.035,0,,
moment_linearized_closure_control,P169-CASE-018,test,-0.02,0.012473473,,,0.036,0.1111005845,,,0.035,-0.2,,
extra_trees_sensor_control,P169-CASE-018,test,-0.02,-0.0126542783,,,0.036,0.0610935268,,,0.035,0.0348199405,,
bayesian_hidden_source_closure_posterior,P169-CASE-019,train,-0.02,-0.0198765432,-0.0198765432,-0.0198765432,0.036,0.036469085,0.0365217391,0.0365217391,0.105,0.1069913107,0.1054763437,0.1054763437
calibrated_bayesian_hidden_source_closure_posterior,P169-CASE-019,train,-0.02,-0.0198765432,-0.0388189818,-0.0009341046,0.036,0.036469085,0.0175266464,0.0554115236,0.105,0.1069913107,0.0880488721,0.1259337493
grid_least_squares_source_closure_control,P169-CASE-019,train,-0.02,-0.0198765432,,,0.036,0.0365217391,,,0.105,0.1054763437,,
no_closure_source_control,P169-CASE-019,train,-0.02,-0.0198765432,,,0.036,0.0365217391,,,0.105,0,,
moment_linearized_closure_control,P169-CASE-019,train,-0.02,0.0144822431,,,0.036,0.1153912726,,,0.105,-0.2,,
extra_trees_sensor_control,P169-CASE-019,train,-0.02,-0.0102793155,,,0.036,0.056844122,,,0.105,0.0565059524,,
bayesian_hidden_source_closure_posterior,P169-CASE-020,test,-0.02,-0.0198765432,-0.0198765432,-0.0198765432,0.054,0.0539130435,0.0539130435,0.0539130435,-0.115,-0.1277334293,-0.1277334293,-0.1277334293
calibrated_bayesian_hidden_source_closure_posterior,P169-CASE-020,test,-0.02,-0.0198765432,-0.0388189818,-0.0009341046,0.054,0.0539130435,0.0349706049,0.0728554821,-0.115,-0.1277334293,-0.146675868,-0.1087909907
grid_least_squares_source_closure_control,P169-CASE-020,test,-0.02,-0.0198765432,,,0.054,0.0539130435,,,-0.115,-0.1277334293,,
no_closure_source_control,P169-CASE-020,test,-0.02,-0.0198765432,,,0.054,0.0539130435,,,-0.115,0,,
moment_linearized_closure_control,P169-CASE-020,test,-0.02,0.0111546649,,,0.054,0.1182415761,,,-0.115,-0.2,,
extra_trees_sensor_control,P169-CASE-020,test,-0.02,-0.0146562872,,,0.054,0.0586350446,,,-0.115,-0.0843973214,,
bayesian_hidden_source_closure_posterior,P169-CASE-021,train,-0.02,-0.0198765432,-0.0198765432,-0.0198765432,0.054,0.0539130435,0.0539130435,0.0539130435,-0.045,-0.0434270543,-0.0434270543,-0.0434270543
calibrated_bayesian_hidden_source_closure_posterior,P169-CASE-021,train,-0.02,-0.0198765432,-0.0388189818,-0.0009341046,0.054,0.0539130435,0.0349706049,0.0728554821,-0.045,-0.0434270543,-0.062369493,-0.0244846157
grid_least_squares_source_closure_control,P169-CASE-021,train,-0.02,-0.0198765432,,,0.054,0.0539130435,,,-0.045,-0.0434270543,,
no_closure_source_control,P169-CASE-021,train,-0.02,-0.0198765432,,,0.054,0.0539130435,,,-0.045,0,,
moment_linearized_closure_control,P169-CASE-021,train,-0.02,0.0108720179,,,0.054,0.1166699098,,,-0.045,-0.2,,
extra_trees_sensor_control,P169-CASE-021,train,-0.02,-0.0117613467,,,0.054,0.0592325893,,,-0.045,-0.035281994,,
bayesian_hidden_source_closure_posterior,P169-CASE-022,train,-0.02,-0.0198765432,-0.0198765432,-0.0198765432,0.054,0.0539130435,0.0539130435,0.0539130435,0.035,0.0400803666,0.0400803666,0.0400803666
calibrated_bayesian_hidden_source_closure_posterior,P169-CASE-022,train,-0.02,-0.0198765432,-0.0388189818,-0.0009341046,0.054,0.0539130435,0.0349706049,0.0728554821,0.035,0.0400803666,0.021137928,0.0590228052
grid_least_squares_source_closure_control,P169-CASE-022,train,-0.02,-0.0198765432,,,0.054,0.0539130435,,,0.035,0.0400803666,,
no_closure_source_control,P169-CASE-022,train,-0.02,-0.0198765432,,,0.054,0.0539130435,,,0.035,0,,
moment_linearized_closure_control,P169-CASE-022,train,-0.02,0.0125664642,,,0.054,0.1178922814,,,0.035,-0.2,,
extra_trees_sensor_control,P169-CASE-022,train,-0.02,-0.0158960937,,,0.054,0.0603352679,,,0.035,0.0223188244,,
bayesian_hidden_source_closure_posterior,P169-CASE-023,val,-0.02,-0.0198765432,-0.0198765432,-0.0198765432,0.054,0.0539130435,0.0539130435,0.0539130435,0.105,0.1155640926,0.1155640926,0.1155640926
calibrated_bayesian_hidden_source_closure_posterior,P169-CASE-023,val,-0.02,-0.0198765432,-0.0388189818,-0.0009341046,0.054,0.0539130435,0.0349706049,0.0728554821,0.105,0.1155640926,0.096621654,0.1345065312
grid_least_squares_source_closure_control,P169-CASE-023,val,-0.02,-0.0198765432,,,0.054,0.0539130435,,,0.105,0.1155640926,,
no_closure_source_control,P169-CASE-023,val,-0.02,-0.0198765432,,,0.054,0.0539130435,,,0.105,0,,
moment_linearized_closure_control,P169-CASE-023,val,-0.02,0.0136358001,,,0.054,0.1175631345,,,0.105,-0.2,,
extra_trees_sensor_control,P169-CASE-023,val,-0.02,-0.0196899182,,,0.054,0.0601313244,,,0.105,0.0629389881,,
bayesian_hidden_source_closure_posterior,P169-CASE-024,train,-0.02,-0.0198765432,-0.0198765432,-0.0198765432,0.074,0.0734790378,0.0734782609,0.0734782609,-0.115,-0.112020061,-0.1119995701,-0.1119995701
calibrated_bayesian_hidden_source_closure_posterior,P169-CASE-024,train,-0.02,-0.0198765432,-0.0388189818,-0.0009341046,0.074,0.0734790378,0.0545365992,0.0924214764,-0.115,-0.112020061,-0.1309624996,-0.0930776224
grid_least_squares_source_closure_control,P169-CASE-024,train,-0.02,-0.0198765432,,,0.074,0.0734782609,,,-0.115,-0.1119995701,,
no_closure_source_control,P169-CASE-024,train,-0.02,-0.0198765432,,,0.074,0.0734782609,,,-0.115,0,,
moment_linearized_closure_control,P169-CASE-024,train,-0.02,0.0113569816,,,0.074,0.12,,,-0.115,-0.2,,
extra_trees_sensor_control,P169-CASE-024,train,-0.02,-0.0246808408,,,0.074,0.0660880952,,,-0.115,-0.0941383929,,
bayesian_hidden_source_closure_posterior,P169-CASE-025,val,-0.02,-0.0198765432,-0.0198765432,-0.0198765432,0.074,0.0745651867,0.0745652174,0.0745652174,-0.045,-0.0759892287,-0.075990047,-0.075990047
calibrated_bayesian_hidden_source_closure_posterior,P169-CASE-025,val,-0.02,-0.0198765432,-0.0388189818,-0.0009341046,0.074,0.0745651867,0.0556227481,0.0935076253,-0.045,-0.0759892287,-0.0949316674,-0.0570467901
grid_least_squares_source_closure_control,P169-CASE-025,val,-0.02,-0.0198765432,,,0.074,0.0745652174,,,-0.045,-0.075990047,,
no_closure_source_control,P169-CASE-025,val,-0.02,-0.0198765432,,,0.074,0.0745652174,,,-0.045,0,,
moment_linearized_closure_control,P169-CASE-025,val,-0.02,0.013232272,,,0.074,0.12,,,-0.045,-0.2,,
extra_trees_sensor_control,P169-CASE-025,val,-0.02,-0.019506808,,,0.074,0.0651188244,,,-0.045,-0.0044825149,,
bayesian_hidden_source_closure_posterior,P169-CASE-026,train,-0.02,-0.0198765432,-0.0198765432,-0.0198765432,0.074,0.0745389355,0.0745652174,0.0745652174,0.035,-0.0269988275,-0.0276981746,-0.0276981746
calibrated_bayesian_hidden_source_closure_posterior,P169-CASE-026,train,-0.02,-0.0198765432,-0.0388189818,-0.0009341046,0.074,0.0745389355,0.0555964969,0.0934813741,0.035,-0.0269988275,-0.0459412661,-0.0080563889
grid_least_squares_source_closure_control,P169-CASE-026,train,-0.02,-0.0198765432,,,0.074,0.0745652174,,,0.035,-0.0276981746,,
no_closure_source_control,P169-CASE-026,train,-0.02,-0.0198765432,,,0.074,0.0745652174,,,0.035,0,,
moment_linearized_closure_control,P169-CASE-026,train,-0.02,0.0124215138,,,0.074,0.12,,,0.035,-0.2,,
extra_trees_sensor_control,P169-CASE-026,train,-0.02,-0.0192475818,,,0.074,0.0664422619,,,0.035,0.0429728423,,
bayesian_hidden_source_closure_posterior,P169-CASE-027,test,-0.02,-0.0198765432,-0.0198765432,-0.0198765432,0.074,0.0734879898,0.0734782609,0.0734782609,0.105,0.1228787569,0.1231355502,0.1231355502
calibrated_bayesian_hidden_source_closure_posterior,P169-CASE-027,test,-0.02,-0.0198765432,-0.0388189818,-0.0009341046,0.074,0.0734879898,0.0545455511,0.0924304284,0.105,0.1228787569,0.1039363183,0.1418211955
grid_least_squares_source_closure_control,P169-CASE-027,test,-0.02,-0.0198765432,,,0.074,0.0734782609,,,0.105,0.1231355502,,
no_closure_source_control,P169-CASE-027,test,-0.02,-0.0198765432,,,0.074,0.0745652174,,,0.105,0,,
moment_linearized_closure_control,P169-CASE-027,test,-0.02,0.0148483963,,,0.074,0.12,,,0.105,-0.2,,
extra_trees_sensor_control,P169-CASE-027,test,-0.02,-0.0288335565,,,0.074,0.0709683036,,,0.105,0.0770714286,,
bayesian_hidden_source_closure_posterior,P169-CASE-028,train,-0.02,-0.0198765432,-0.0198765432,-0.0198765432,0.096,0.0963043478,0.0963043478,0.0963043478,-0.115,-0.1502680609,-0.1502680615,-0.1502680615
calibrated_bayesian_hidden_source_closure_posterior,P169-CASE-028,train,-0.02,-0.0198765432,-0.0388189818,-0.0009341046,0.096,0.0963043478,0.0773619092,0.1152467864,-0.115,-0.1502680609,-0.1692104995,-0.1313256223
grid_least_squares_source_closure_control,P169-CASE-028,train,-0.02,-0.0198765432,,,0.096,0.0963043478,,,-0.115,-0.1502680615,,
no_closure_source_control,P169-CASE-028,train,-0.02,-0.0198765432,,,0.096,0.0963043478,,,-0.115,0,,
moment_linearized_closure_control,P169-CASE-028,train,-0.02,0.0135250339,,,0.096,0.12,,,-0.115,-0.2,,
extra_trees_sensor_control,P169-CASE-028,train,-0.02,-0.0256258929,,,0.096,0.072864881,,,-0.115,-0.0939002976,,
bayesian_hidden_source_closure_posterior,P169-CASE-029,test,-0.02,-0.0198765432,-0.0198765432,-0.0198765432,0.096,0.0963037443,0.0963043478,0.0963043478,-0.045,-0.0333917492,-0.0334056383,-0.0334056383
calibrated_bayesian_hidden_source_closure_posterior,P169-CASE-029,test,-0.02,-0.0198765432,-0.0388189818,-0.0009341046,0.096,0.0963037443,0.0773613057,0.115246183,-0.045,-0.0333917492,-0.0523341879,-0.0144493106
grid_least_squares_source_closure_control,P169-CASE-029,test,-0.02,-0.0198765432,,,0.096,0.0963043478,,,-0.045,-0.0334056383,,
no_closure_source_control,P169-CASE-029,test,-0.02,-0.0198765432,,,0.096,0.0963043478,,,-0.045,0,,
moment_linearized_closure_control,P169-CASE-029,test,-0.02,0.0144546145,,,0.096,0.12,,,-0.045,-0.2,,
extra_trees_sensor_control,P169-CASE-029,test,-0.02,-0.023666369,,,0.096,0.0719839286,,,-0.045,-0.0406197917,,
bayesian_hidden_source_closure_posterior,P169-CASE-030,train,-0.02,-0.0198765432,-0.0198765432,-0.0198765432,0.096,0.0963043478,0.0963043478,0.0963043478,0.035,0.0202539505,0.0202539504,0.0202539504
calibrated_bayesian_hidden_source_closure_posterior,P169-CASE-030,train,-0.02,-0.0198765432,-0.0388189818,-0.0009341046,0.096,0.0963043478,0.0773619092,0.1152467864,0.035,0.0202539505,0.0013115119,0.0391963891
grid_least_squares_source_closure_control,P169-CASE-030,train,-0.02,-0.0198765432,,,0.096,0.0963043478,,,0.035,0.0202539504,,
no_closure_source_control,P169-CASE-030,train,-0.02,-0.0198765432,,,0.096,0.0963043478,,,0.035,0,,
moment_linearized_closure_control,P169-CASE-030,train,-0.02,0.015526532,,,0.096,0.12,,,0.035,-0.2,,
extra_trees_sensor_control,P169-CASE-030,train,-0.02,-0.0249287946,,,0.096,0.0769927083,,,0.035,0.0442886905,,
bayesian_hidden_source_closure_posterior,P169-CASE-031,train,-0.02,-0.0198765432,-0.0198765432,-0.0198765432,0.096,0.096281995,0.0963043478,0.0963043478,0.105,0.0730344474,0.0725142255,0.0725142255
calibrated_bayesian_hidden_source_closure_posterior,P169-CASE-031,train,-0.02,-0.0198765432,-0.0388189818,-0.0009341046,0.096,0.096281995,0.0773395564,0.1152244336,0.105,0.0730344474,0.0540920088,0.091976886
grid_least_squares_source_closure_control,P169-CASE-031,train,-0.02,-0.0198765432,,,0.096,0.0963043478,,,0.105,0.0725142255,,
no_closure_source_control,P169-CASE-031,train,-0.02,-0.0198765432,,,0.096,0.0963043478,,,0.105,0,,
moment_linearized_closure_control,P169-CASE-031,train,-0.02,0.0160372615,,,0.096,0.12,,,0.105,-0.2,,
extra_trees_sensor_control,P169-CASE-031,train,-0.02,-0.0284442336,,,0.096,0.0781640625,,,0.105,0.0868422619,,
bayesian_hidden_source_closure_posterior,P169-CASE-032,train,0,0.0001851852,0.0001851852,0.0001851852,0.036,0.036521615,0.0365217391,0.0365217391,-0.115,-0.1220166728,-0.1220191689,-0.1220191689
calibrated_bayesian_hidden_source_closure_posterior,P169-CASE-032,train,0,0.0001851852,-0.0187572534,0.0191276238,0.036,0.036521615,0.0175791764,0.0554640537,-0.115,-0.1220166728,-0.1409591114,-0.1030742342
grid_least_squares_source_closure_control,P169-CASE-032,train,0,0.0001851852,,,0.036,0.0365217391,,,-0.115,-0.1220191689,,
no_closure_source_control,P169-CASE-032,train,0,0.0001851852,,,0.036,0.0354347826,,,-0.115,0,,
moment_linearized_closure_control,P169-CASE-032,train,0,0.0323254848,,,0.036,0.1098052942,,,-0.115,-0.2,,
extra_trees_sensor_control,P169-CASE-032,train,0,-0.0045352679,,,0.036,0.053971875,,,-0.115,-0.0970252976,,
bayesian_hidden_source_closure_posterior,P169-CASE-033,test,0,0.0001851852,0.0001851852,0.0001851852,0.036,0.0365135466,0.0365217391,0.0365217391,-0.045,-0.0507485934,-0.0509134305,-0.0509134305
calibrated_bayesian_hidden_source_closure_posterior,P169-CASE-033,test,0,0.0001851852,-0.0187572534,0.0191276238,0.036,0.0365135466,0.0175711079,0.0554559852,-0.045,-0.0507485934,-0.069691032,-0.0318061548
grid_least_squares_source_closure_control,P169-CASE-033,test,0,0.0001851852,,,0.036,0.0365217391,,,-0.045,-0.0509134305,,
no_closure_source_control,P169-CASE-033,test,0,0.0001851852,,,0.036,0.0365217391,,,-0.045,0,,
moment_linearized_closure_control,P169-CASE-033,test,0,0.0321976829,,,0.036,0.1107918155,,,-0.045,-0.2,,
extra_trees_sensor_control,P169-CASE-033,test,0,-0.0002928199,,,0.036,0.0512450149,,,-0.045,-0.0584259673,,
bayesian_hidden_source_closure_posterior,P169-CASE-034,train,0,0.0001851852,0.0001851852,0.0001851852,0.036,0.0365188898,0.0365217391,0.0365217391,0.035,0.0197570542,0.0196987751,0.0196987751
calibrated_bayesian_hidden_source_closure_posterior,P169-CASE-034,train,0,0.0001851852,-0.0187572534,0.0191276238,0.036,0.0365188898,0.0175764511,0.0554613284,0.035,0.0197570542,0.0008146156,0.0386994928
grid_least_squares_source_closure_control,P169-CASE-034,train,0,0.0001851852,,,0.036,0.0365217391,,,0.035,0.0196987751,,
no_closure_source_control,P169-CASE-034,train,0,0.0001851852,,,0.036,0.0365217391,,,0.035,0,,
moment_linearized_closure_control,P169-CASE-034,train,0,0.033503835,,,0.036,0.1133205995,,,0.035,-0.2,,
extra_trees_sensor_control,P169-CASE-034,train,0,0.0056312128,,,0.036,0.0534483631,,,0.035,0.0141670387,,
bayesian_hidden_source_closure_posterior,P169-CASE-035,train,0,0.0001851852,0.0001851852,0.0001851852,0.036,0.0362543239,0.0354347826,0.0365217391,0.105,0.07652291,0.0711484601,0.0929938622
calibrated_bayesian_hidden_source_closure_posterior,P169-CASE-035,train,0,0.0001851852,-0.0187572534,0.0191276238,0.036,0.0362543239,-10294803.56,10294803.64,0.105,0.07652291,-206902594.1,206902594.3
grid_least_squares_source_closure_control,P169-CASE-035,train,0,0.0001851852,,,0.036,0.0365217391,,,0.105,0.0711484601,,
no_closure_source_control,P169-CASE-035,train,0,0.0001851852,,,0.036,0.0365217391,,,0.105,0,,
moment_linearized_closure_control,P169-CASE-035,train,0,0.0346424991,,,0.036,0.1127250872,,,0.105,-0.2,,
extra_trees_sensor_control,P169-CASE-035,train,0,0.0013655134,,,0.036,0.055774256,,,0.105,0.088671503,,
bayesian_hidden_source_closure_posterior,P169-CASE-036,train,0,0.0001851852,0.0001851852,0.0001851852,0.054,0.0539130435,0.0539130435,0.0539130435,-0.115,-0.1116452572,-0.1116452572,-0.1116452572
calibrated_bayesian_hidden_source_closure_posterior,P169-CASE-036,train,0,0.0001851852,-0.0187572534,0.0191276238,0.054,0.0539130435,0.0349706049,0.0728554821,-0.115,-0.1116452572,-0.1305876959,-0.0927028186
grid_least_squares_source_closure_control,P169-CASE-036,train,0,0.0001851852,,,0.054,0.0539130435,,,-0.115,-0.1116452572,,
no_closure_source_control,P169-CASE-036,train,0,0.0001851852,,,0.054,0.0539130435,,,-0.115,0,,
moment_linearized_closure_control,P169-CASE-036,train,0,0.0323910442,,,0.054,0.1139128888,,,-0.115,-0.2,,
extra_trees_sensor_control,P169-CASE-036,train,0,-0.0047839286,,,0.054,0.0570403274,,,-0.115,-0.1022533482,,
bayesian_hidden_source_closure_posterior,P169-CASE-037,train,0,0.0001851852,0.0001851852,0.0001851852,0.054,0.0539130435,0.0539130435,0.0539130435,-0.045,-0.0468679938,-0.0468679938,-0.0468679938
calibrated_bayesian_hidden_source_closure_posterior,P169-CASE-037,train,0,0.0001851852,-0.0187572534,0.0191276238,0.054,0.0539130435,0.0349706049,0.0728554821,-0.045,-0.0468679938,-0.0658104324,-0.0279255551
grid_least_squares_source_closure_control,P169-CASE-037,train,0,0.0001851852,,,0.054,0.0539130435,,,-0.045,-0.0468679938,,
no_closure_source_control,P169-CASE-037,train,0,0.0001851852,,,0.054,0.0539130435,,,-0.045,0,,
moment_linearized_closure_control,P169-CASE-037,train,0,0.0336427621,,,0.054,0.1182790947,,,-0.045,-0.2,,
extra_trees_sensor_control,P169-CASE-037,train,0,0.0016399554,,,0.054,0.0551420387,,,-0.045,-0.0551480655,,
bayesian_hidden_source_closure_posterior,P169-CASE-038,val,0,0.0001851852,0.0001851852,0.0001851852,0.054,0.0539130435,0.0539130435,0.0539130435,0.035,0.0232397962,0.0232397962,0.0232397962
calibrated_bayesian_hidden_source_closure_posterior,P169-CASE-038,val,0,0.0001851852,-0.0187572534,0.0191276238,0.054,0.0539130435,0.0349706049,0.0728554821,0.035,0.0232397962,0.0042973575,0.0421822348
grid_least_squares_source_closure_control,P169-CASE-038,val,0,0.0001851852,,,0.054,0.0539130435,,,0.035,0.0232397962,,
no_closure_source_control,P169-CASE-038,val,0,0.0001851852,,,0.054,0.0539130435,,,0.035,0,,
moment_linearized_closure_control,P169-CASE-038,val,0,0.0335458874,,,0.054,0.1186562711,,,0.035,-0.2,,
extra_trees_sensor_control,P169-CASE-038,val,0,0.0011821801,,,0.054,0.0618229911,,,0.035,0.0744784226,,
bayesian_hidden_source_closure_posterior,P169-CASE-039,train,0,0.0001851852,0.0001851852,0.0001851852,0.054,0.0539130435,0.0539130435,0.0539130435,0.105,0.1062854001,0.1062854001,0.1062854001
calibrated_bayesian_hidden_source_closure_posterior,P169-CASE-039,train,0,0.0001851852,-0.0187572534,0.0191276238,0.054,0.0539130435,0.0349706049,0.0728554821,0.105,0.1062854001,0.0873429615,0.1252278387
grid_least_squares_source_closure_control,P169-CASE-039,train,0,0.0001851852,,,0.054,0.0539130435,,,0.105,0.1062854001,,
no_closure_source_control,P169-CASE-039,train,0,0.0001851852,,,0.054,0.0539130435,,,0.105,0,,
moment_linearized_closure_control,P169-CASE-039,train,0,0.0341024735,,,0.054,0.1177163712,,,0.105,-0.2,,
extra_trees_sensor_control,P169-CASE-039,train,0,-0.0005745164,,,0.054,0.0607958333,,,0.105,0.0983072917,,
bayesian_hidden_source_closure_posterior,P169-CASE-040,val,0,0.0001851852,0.0001851852,0.0001851852,0.074,0.0734787848,0.0734782609,0.0734782609,-0.115,-0.1042446203,-0.1042321292,-0.1042321292
calibrated_bayesian_hidden_source_closure_posterior,P169-CASE-040,val,0,0.0001851852,-0.0187572534,0.0191276238,0.074,0.0734787848,0.0545363461,0.0924212234,-0.115,-0.1042446203,-0.1231870589,-0.0853021817
grid_least_squares_source_closure_control,P169-CASE-040,val,0,0.0001851852,,,0.074,0.0734782609,,,-0.115,-0.1042321292,,
no_closure_source_control,P169-CASE-040,val,0,0.0001851852,,,0.074,0.0734782609,,,-0.115,0,,
moment_linearized_closure_control,P169-CASE-040,val,0,0.0324249016,,,0.074,0.12,,,-0.115,-0.2,,
extra_trees_sensor_control,P169-CASE-040,val,0,-0.001127753,,,0.074,0.0655395833,,,-0.115,-0.0740855655,,
bayesian_hidden_source_closure_posterior,P169-CASE-041,train,0,0.0001851852,0.0001851852,0.0001851852,0.074,0.0744910933,0.0734782609,0.0745652174,-0.045,-0.0584328573,-0.06022221,-0.033983114
calibrated_bayesian_hidden_source_closure_posterior,P169-CASE-041,train,0,0.0001851852,-0.0187572534,0.0191276238,0.074,0.0744910933,-10294803.53,10294803.67,-0.045,-0.0584328573,-248516233.4,248516233.3
grid_least_squares_source_closure_control,P169-CASE-041,train,0,0.0001851852,,,0.074,0.0745652174,,,-0.045,-0.06022221,,
no_closure_source_control,P169-CASE-041,train,0,0.0001851852,,,0.074,0.0734782609,,,-0.045,0,,
moment_linearized_closure_control,P169-CASE-041,train,0,0.0336867596,,,0.074,0.12,,,-0.045,-0.2,,
extra_trees_sensor_control,P169-CASE-041,train,0,4.41592e-05,,,0.074,0.0633200149,,,-0.045,-0.0294828869,,
bayesian_hidden_source_closure_posterior,P169-CASE-042,test,0,0.0001851852,0.0001851852,0.0001851852,0.074,0.0745636612,0.0745652174,0.0745652174,0.035,-0.0108684499,-0.0109069558,-0.0109069558
calibrated_bayesian_hidden_source_closure_posterior,P169-CASE-042,test,0,0.0001851852,-0.0187572534,0.0191276238,0.074,0.0745636612,0.0556212225,0.0935060998,0.035,-0.0108684499,-0.0298108885,0.0080739887
grid_least_squares_source_closure_control,P169-CASE-042,test,0,0.0001851852,,,0.074,0.0745652174,,,0.035,-0.0109069558,,
no_closure_source_control,P169-CASE-042,test,0,0.0001851852,,,0.074,0.0745652174,,,0.035,0,,
moment_linearized_closure_control,P169-CASE-042,test,0,0.0336015343,,,0.074,0.12,,,0.035,-0.2,,
extra_trees_sensor_control,P169-CASE-042,test,0,-0.001344494,,,0.074,0.0643495536,,,0.035,0.0494051339,,
bayesian_hidden_source_closure_posterior,P169-CASE-043,train,0,0.0001851852,0.0001851852,0.0001851852,0.074,0.0734944986,0.0734782609,0.0734782609,0.105,0.113437318,0.1138392485,0.1138392485
calibrated_bayesian_hidden_source_closure_posterior,P169-CASE-043,train,0,0.0001851852,-0.0187572534,0.0191276238,0.074,0.0734944986,0.05455206,0.0924369373,0.105,0.113437318,0.0944948794,0.1323797566
grid_least_squares_source_closure_control,P169-CASE-043,train,0,0.0001851852,,,0.074,0.0734782609,,,0.105,0.1138392485,,
no_closure_source_control,P169-CASE-043,train,0,0.0001851852,,,0.074,0.0745652174,,,0.105,0,,
moment_linearized_closure_control,P169-CASE-043,train,0,0.0358466235,,,0.074,0.12,,,0.105,-0.2,,
extra_trees_sensor_control,P169-CASE-043,train,0,-0.0036906622,,,0.074,0.0652205357,,,0.105,0.0937299107,,
bayesian_hidden_source_closure_posterior,P169-CASE-044,test,0,0.0001851852,0.0001851852,0.0001851852,0.096,0.0962995437,0.0963043478,0.0963043478,-0.115,-0.1275341441,-0.127634223,-0.127634223
calibrated_bayesian_hidden_source_closure_posterior,P169-CASE-044,test,0,0.0001851852,-0.0187572534,0.0191276238,0.096,0.0962995437,0.077357105,0.1152419823,-0.115,-0.1275341441,-0.1464765827,-0.1085917055
grid_least_squares_source_closure_control,P169-CASE-044,test,0,0.0001851852,,,0.096,0.0963043478,,,-0.115,-0.127634223,,
no_closure_source_control,P169-CASE-044,test,0,0.0001851852,,,0.096,0.0952173913,,,-0.115,0,,
moment_linearized_closure_control,P169-CASE-044,test,0,0.0337203918,,,0.096,0.12,,,-0.115,-0.2,,
extra_trees_sensor_control,P169-CASE-044,test,0,0.0076800595,,,0.096,0.0737563244,,,-0.115,-0.0843776042,,
bayesian_hidden_source_closure_posterior,P169-CASE-045,train,0,0.0001851852,0.0001851852,0.0001851852,0.096,0.0963043503,0.0963043478,0.0963043478,-0.045,-0.0654144398,-0.0654143885,-0.0654143885
calibrated_bayesian_hidden_source_closure_posterior,P169-CASE-045,train,0,0.0001851852,-0.0187572534,0.0191276238,0.096,0.0963043503,0.0773619117,0.1152467889,-0.045,-0.0654144398,-0.0843568784,-0.0464720011
grid_least_squares_source_closure_control,P169-CASE-045,train,0,0.0001851852,,,0.096,0.0963043478,,,-0.045,-0.0654143885,,
no_closure_source_control,P169-CASE-045,train,0,0.0001851852,,,0.096,0.0963043478,,,-0.045,0,,
moment_linearized_closure_control,P169-CASE-045,train,0,0.0349717803,,,0.096,0.12,,,-0.045,-0.2,,
extra_trees_sensor_control,P169-CASE-045,train,0,0.0038920015,,,0.096,0.0802079613,,,-0.045,-0.0654862351,,
bayesian_hidden_source_closure_posterior,P169-CASE-046,train,0,0.0001851852,0.0001851852,0.0001851852,0.096,0.0963043176,0.0963043478,0.0963043478,0.035,0.0505077693,0.0505071241,0.0505071241
calibrated_bayesian_hidden_source_closure_posterior,P169-CASE-046,train,0,0.0001851852,-0.0187572534,0.0191276238,0.096,0.0963043176,0.077361879,0.1152467562,0.035,0.0505077693,0.0315653307,0.0694502079
grid_least_squares_source_closure_control,P169-CASE-046,train,0,0.0001851852,,,0.096,0.0963043478,,,0.035,0.0505071241,,
no_closure_source_control,P169-CASE-046,train,0,0.0001851852,,,0.096,0.0963043478,,,0.035,0,,
moment_linearized_closure_control,P169-CASE-046,train,0,0.036458834,,,0.096,0.12,,,0.035,-0.2,,
extra_trees_sensor_control,P169-CASE-046,train,0,-0.0053857143,,,0.096,0.0741795387,,,0.035,0.0414311756,,
bayesian_hidden_source_closure_posterior,P169-CASE-047,val,0,0.0001851852,0.0001851852,0.0001851852,0.096,0.0963014401,0.0963043478,0.0963043478,0.105,0.1037492557,0.1036859901,0.1036859901
calibrated_bayesian_hidden_source_closure_posterior,P169-CASE-047,val,0,0.0001851852,-0.0187572534,0.0191276238,0.096,0.0963014401,0.0773590015,0.1152438788,0.105,0.1037492557,0.0848068171,0.1226916944
grid_least_squares_source_closure_control,P169-CASE-047,val,0,0.0001851852,,,0.096,0.0963043478,,,0.105,0.1036859901,,
no_closure_source_control,P169-CASE-047,val,0,0.0001851852,,,0.096,0.0963043478,,,0.105,0,,
moment_linearized_closure_control,P169-CASE-047,val,0,0.037967579,,,0.096,0.12,,,0.105,-0.2,,
extra_trees_sensor_control,P169-CASE-047,val,0,-0.009725372,,,0.096,0.0731282738,,,0.105,0.0776049107,,
bayesian_hidden_source_closure_posterior,P169-CASE-048,test,0.026,0.0264197531,0.0264197531,0.0264197531,0.036,0.0359375653,0.0354347826,0.0365217391,-0.115,-0.1294330635,-0.1418173785,-0.1187742187
calibrated_bayesian_hidden_source_closure_posterior,P169-CASE-048,test,0.026,0.0264197531,0.0074773145,0.0453621917,0.036,0.0359375653,-10294803.56,10294803.64,-0.115,-0.1294330635,-218246819.9,218246819.6
grid_least_squares_source_closure_control,P169-CASE-048,test,0.026,0.0264197531,,,0.036,0.0354347826,,,-0.115,-0.1187742187,,
no_closure_source_control,P169-CASE-048,test,0.026,0.0264197531,,,0.036,0.0354347826,,,-0.115,0,,
moment_linearized_closure_control,P169-CASE-048,test,0.026,0.0590225924,,,0.036,0.1101345907,,,-0.115,-0.2,,
extra_trees_sensor_control,P169-CASE-048,test,0.026,0.023643378,,,0.036,0.0549748512,,,-0.115,-0.0737258185,,
bayesian_hidden_source_closure_posterior,P169-CASE-049,train,0.026,0.0264197531,0.0264197531,0.0264197531,0.036,0.0365211243,0.0365217391,0.0365217391,-0.045,-0.0761453707,-0.0761586057,-0.0761586057
calibrated_bayesian_hidden_source_closure_posterior,P169-CASE-049,train,0.026,0.0264197531,0.0074773145,0.0453621917,0.036,0.0365211243,0.0175786857,0.0554635629,-0.045,-0.0761453707,-0.0950878093,-0.057202932
grid_least_squares_source_closure_control,P169-CASE-049,train,0.026,0.0264197531,,,0.036,0.0365217391,,,-0.045,-0.0761586057,,
no_closure_source_control,P169-CASE-049,train,0.026,0.0264197531,,,0.036,0.0365217391,,,-0.045,0,,
moment_linearized_closure_control,P169-CASE-049,train,0.026,0.0589915012,,,0.036,0.1062630691,,,-0.045,-0.2,,
extra_trees_sensor_control,P169-CASE-049,train,0.026,0.0290088542,,,0.036,0.0523387649,,,-0.045,-0.0497176339,,
bayesian_hidden_source_closure_posterior,P169-CASE-050,train,0.026,0.0264197531,0.0264197531,0.0264197531,0.036,0.0358443405,0.0354347826,0.0365217391,0.035,0.0662454035,0.0516125346,0.075092495
calibrated_bayesian_hidden_source_closure_posterior,P169-CASE-050,train,0.026,0.0264197531,0.0074773145,0.0453621917,0.036,0.0358443405,-10294803.56,10294803.64,0.035,0.0662454035,-222383854,222383854.1
grid_least_squares_source_closure_control,P169-CASE-050,train,0.026,0.0264197531,,,0.036,0.0354347826,,,0.035,0.075092495,,
no_closure_source_control,P169-CASE-050,train,0.026,0.0264197531,,,0.036,0.0365217391,,,0.035,0,,
moment_linearized_closure_control,P169-CASE-050,train,0.026,0.0594150392,,,0.036,0.1110198184,,,0.035,-0.2,,
extra_trees_sensor_control,P169-CASE-050,train,0.026,0.0169235863,,,0.036,0.05313125,,,0.035,0.0041893601,,
bayesian_hidden_source_closure_posterior,P169-CASE-051,val,0.026,0.0264197531,0.0264197531,0.0264197531,0.036,0.0354348302,0.0354347826,0.0354347826,0.105,0.1263569088,0.1263579504,0.1263579504
calibrated_bayesian_hidden_source_closure_posterior,P169-CASE-051,val,0.026,0.0264197531,0.0074773145,0.0453621917,0.036,0.0354348302,0.0164923916,0.0543772688,0.105,0.1263569088,0.1074144702,0.1452993474
grid_least_squares_source_closure_control,P169-CASE-051,val,0.026,0.0264197531,,,0.036,0.0354347826,,,0.105,0.1263579504,,
no_closure_source_control,P169-CASE-051,val,0.026,0.0264197531,,,0.036,0.0354347826,,,0.105,0,,
moment_linearized_closure_control,P169-CASE-051,val,0.026,0.0609859224,,,0.036,0.1115496183,,,0.105,-0.2,,
extra_trees_sensor_control,P169-CASE-051,val,0.026,0.0222066964,,,0.036,0.062390625,,,0.105,0.0564962798,,
bayesian_hidden_source_closure_posterior,P169-CASE-052,train,0.026,0.0264197531,0.0264197531,0.0264197531,0.054,0.0539130435,0.0539130435,0.0539130435,-0.115,-0.1170768488,-0.1170768488,-0.1170768488
calibrated_bayesian_hidden_source_closure_posterior,P169-CASE-052,train,0.026,0.0264197531,0.0074773145,0.0453621917,0.054,0.0539130435,0.0349706049,0.0728554821,-0.115,-0.1170768488,-0.1360192875,-0.0981344102
grid_least_squares_source_closure_control,P169-CASE-052,train,0.026,0.0264197531,,,0.054,0.0539130435,,,-0.115,-0.1170768488,,
no_closure_source_control,P169-CASE-052,train,0.026,0.0264197531,,,0.054,0.0539130435,,,-0.115,0,,
moment_linearized_closure_control,P169-CASE-052,train,0.026,0.0602891241,,,0.054,0.1157598619,,,-0.115,-0.2,,
extra_trees_sensor_control,P169-CASE-052,train,0.026,0.0270705729,,,0.054,0.0577895833,,,-0.115,-0.0902064732,,
bayesian_hidden_source_closure_posterior,P169-CASE-053,val,0.026,0.0264197531,0.0264197531,0.0264197531,0.054,0.0539130435,0.0539130435,0.0539130435,-0.045,-0.0322467904,-0.0322467904,-0.0322467904
calibrated_bayesian_hidden_source_closure_posterior,P169-CASE-053,val,0.026,0.0264197531,0.0074773145,0.0453621917,0.054,0.0539130435,0.0349706049,0.0728554821,-0.045,-0.0322467904,-0.051189229,-0.0133043518
grid_least_squares_source_closure_control,P169-CASE-053,val,0.026,0.0264197531,,,0.054,0.0539130435,,,-0.045,-0.0322467904,,
no_closure_source_control,P169-CASE-053,val,0.026,0.0264197531,,,0.054,0.0539130435,,,-0.045,0,,
moment_linearized_closure_control,P169-CASE-053,val,0.026,0.0624208213,,,0.054,0.1176656087,,,-0.045,-0.2,,
extra_trees_sensor_control,P169-CASE-053,val,0.026,0.0277712798,,,0.054,0.0592958333,,,-0.045,-0.0521677827,,
bayesian_hidden_source_closure_posterior,P169-CASE-054,train,0.026,0.0264197531,0.0264197531,0.0264197531,0.054,0.0539130435,0.0539130435,0.0539130435,0.035,0.0282980092,0.0282980092,0.0282980092
calibrated_bayesian_hidden_source_closure_posterior,P169-CASE-054,train,0.026,0.0264197531,0.0074773145,0.0453621917,0.054,0.0539130435,0.0349706049,0.0728554821,0.035,0.0282980092,0.0093555706,0.0472404478
grid_least_squares_source_closure_control,P169-CASE-054,train,0.026,0.0264197531,,,0.054,0.0539130435,,,0.035,0.0282980092,,
no_closure_source_control,P169-CASE-054,train,0.026,0.0264197531,,,0.054,0.0539130435,,,0.035,0,,
moment_linearized_closure_control,P169-CASE-054,train,0.026,0.0601083945,,,0.054,0.1183403024,,,0.035,-0.2,,
extra_trees_sensor_control,P169-CASE-054,train,0.026,0.0302833333,,,0.054,0.0604240327,,,0.035,0.0433973214,,
bayesian_hidden_source_closure_posterior,P169-CASE-055,test,0.026,0.0264197531,0.0264197531,0.0264197531,0.054,0.0539130435,0.0539130435,0.0539130435,0.105,0.1306378791,0.1306378791,0.1306378791
calibrated_bayesian_hidden_source_closure_posterior,P169-CASE-055,test,0.026,0.0264197531,0.0074773145,0.0453621917,0.054,0.0539130435,0.0349706049,0.0728554821,0.105,0.1306378791,0.1116954405,0.1495803177
grid_least_squares_source_closure_control,P169-CASE-055,test,0.026,0.0264197531,,,0.054,0.0539130435,,,0.105,0.1306378791,,
no_closure_source_control,P169-CASE-055,test,0.026,0.0264197531,,,0.054,0.0539130435,,,0.105,0,,
moment_linearized_closure_control,P169-CASE-055,test,0.026,0.063591212,,,0.054,0.1172142465,,,0.105,-0.2,,
extra_trees_sensor_control,P169-CASE-055,test,0.026,0.0307092634,,,0.054,0.0655578869,,,0.105,0.060046875,,
bayesian_hidden_source_closure_posterior,P169-CASE-056,train,0.026,0.0264197531,0.0264197531,0.0264197531,0.074,0.0734784539,0.0734782609,0.0734782609,-0.115,-0.1096971467,-0.1096931174,-0.1096931174
calibrated_bayesian_hidden_source_closure_posterior,P169-CASE-056,train,0.026,0.0264197531,0.0074773145,0.0453621917,0.074,0.0734784539,0.0545360152,0.0924208925,-0.115,-0.1096971467,-0.1286395854,-0.0907547081
grid_least_squares_source_closure_control,P169-CASE-056,train,0.026,0.0264197531,,,0.074,0.0734782609,,,-0.115,-0.1096931174,,
no_closure_source_control,P169-CASE-056,train,0.026,0.0264197531,,,0.074,0.0734782609,,,-0.115,0,,
moment_linearized_closure_control,P169-CASE-056,train,0.026,0.0607361862,,,0.074,0.12,,,-0.115,-0.2,,
extra_trees_sensor_control,P169-CASE-056,train,0.026,0.0277290179,,,0.074,0.0732107143,,,-0.115,-0.1017693452,,
bayesian_hidden_source_closure_posterior,P169-CASE-057,test,0.026,0.0264197531,0.0264197531,0.0264197531,0.074,0.0734785151,0.0734782609,0.0734782609,-0.045,-0.0298184329,-0.029813092,-0.029813092
calibrated_bayesian_hidden_source_closure_posterior,P169-CASE-057,test,0.026,0.0264197531,0.0074773145,0.0453621917,0.074,0.0734785151,0.0545360765,0.0924209538,-0.045,-0.0298184329,-0.0487608715,-0.0108759943
grid_least_squares_source_closure_control,P169-CASE-057,test,0.026,0.0264197531,,,0.074,0.0734782609,,,-0.045,-0.029813092,,
no_closure_source_control,P169-CASE-057,test,0.026,0.0264197531,,,0.074,0.0734782609,,,-0.045,0,,
moment_linearized_closure_control,P169-CASE-057,test,0.026,0.0614642293,,,0.074,0.12,,,-0.045,-0.2,,
extra_trees_sensor_control,P169-CASE-057,test,0.026,0.017372247,,,0.074,0.0687212054,,,-0.045,-0.0555189732,,
bayesian_hidden_source_closure_posterior,P169-CASE-058,train,0.026,0.0264197531,0.0264197531,0.0264197531,0.074,0.0745639327,0.0745652174,0.0745652174,0.035,-0.0155066548,-0.0155342764,-0.0155342764
calibrated_bayesian_hidden_source_closure_posterior,P169-CASE-058,train,0.026,0.0264197531,0.0074773145,0.0453621917,0.074,0.0745639327,0.055621494,0.0935063713,0.035,-0.0155066548,-0.0344490934,0.0034357838
grid_least_squares_source_closure_control,P169-CASE-058,train,0.026,0.0264197531,,,0.074,0.0745652174,,,0.035,-0.0155342764,,
no_closure_source_control,P169-CASE-058,train,0.026,0.0264197531,,,0.074,0.0745652174,,,0.035,0,,
moment_linearized_closure_control,P169-CASE-058,train,0.026,0.0613321905,,,0.074,0.12,,,0.035,-0.2,,
extra_trees_sensor_control,P169-CASE-058,train,0.026,0.0192818824,,,0.074,0.0652511905,,,0.035,0.0124095982,,
bayesian_hidden_source_closure_posterior,P169-CASE-059,train,0.026,0.0264197531,0.0264197531,0.0264197531,0.074,0.0734832639,0.0734782609,0.0734782609,0.105,0.1004749972,0.1005839606,0.1005839606
calibrated_bayesian_hidden_source_closure_posterior,P169-CASE-059,train,0.026,0.0264197531,0.0074773145,0.0453621917,0.074,0.0734832639,0.0545408253,0.0924257025,0.105,0.1004749972,0.0815325586,0.1194174358
grid_least_squares_source_closure_control,P169-CASE-059,train,0.026,0.0264197531,,,0.074,0.0734782609,,,0.105,0.1005839606,,
no_closure_source_control,P169-CASE-059,train,0.026,0.0264197531,,,0.074,0.0745652174,,,0.105,0,,
moment_linearized_closure_control,P169-CASE-059,train,0.026,0.0639138924,,,0.074,0.12,,,0.105,-0.2,,
extra_trees_sensor_control,P169-CASE-059,train,0.026,0.0250609375,,,0.074,0.0647366815,,,0.105,0.0855677083,,
bayesian_hidden_source_closure_posterior,P169-CASE-060,train,0.026,0.0264197531,0.0264197531,0.0264197531,0.096,0.0963043615,0.0963043478,0.0963043478,-0.115,-0.1232301054,-0.1232298524,-0.1232298524
calibrated_bayesian_hidden_source_closure_posterior,P169-CASE-060,train,0.026,0.0264197531,0.0074773145,0.0453621917,0.096,0.0963043615,0.0773619229,0.1152468001,-0.115,-0.1232301054,-0.142172544,-0.1042876667
grid_least_squares_source_closure_control,P169-CASE-060,train,0.026,0.0264197531,,,0.096,0.0963043478,,,-0.115,-0.1232298524,,
no_closure_source_control,P169-CASE-060,train,0.026,0.0264197531,,,0.096,0.0963043478,,,-0.115,0,,
moment_linearized_closure_control,P169-CASE-060,train,0.026,0.0627827169,,,0.096,0.12,,,-0.115,-0.2,,
extra_trees_sensor_control,P169-CASE-060,train,0.026,0.0253897321,,,0.096,0.0774213542,,,-0.115,-0.0960494792,,
bayesian_hidden_source_closure_posterior,P169-CASE-061,train,0.026,0.0264197531,0.0264197531,0.0264197531,0.096,0.0963043181,0.0963043478,0.0963043478,-0.045,-0.070749079,-0.0707496356,-0.0707496356
calibrated_bayesian_hidden_source_closure_posterior,P169-CASE-061,train,0.026,0.0264197531,0.0074773145,0.0453621917,0.096,0.0963043181,0.0773618795,0.1152467567,-0.045,-0.070749079,-0.0896915176,-0.0518066404
grid_least_squares_source_closure_control,P169-CASE-061,train,0.026,0.0264197531,,,0.096,0.0963043478,,,-0.045,-0.0707496356,,
no_closure_source_control,P169-CASE-061,train,0.026,0.0264197531,,,0.096,0.0963043478,,,-0.045,0,,
moment_linearized_closure_control,P169-CASE-061,train,0.026,0.0631349445,,,0.096,0.12,,,-0.045,-0.1995698397,,
extra_trees_sensor_control,P169-CASE-061,train,0.026,0.0186541295,,,0.096,0.0774802827,,,-0.045,-0.0469672619,,
bayesian_hidden_source_closure_posterior,P169-CASE-062,val,0.026,0.0264197531,0.0264197531,0.0264197531,0.096,0.0963043442,0.0963043478,0.0963043478,0.035,0.0250962704,0.025096202,0.025096202
calibrated_bayesian_hidden_source_closure_posterior,P169-CASE-062,val,0.026,0.0264197531,0.0074773145,0.0453621917,0.096,0.0963043442,0.0773619056,0.1152467828,0.035,0.0250962704,0.0061538318,0.0440387091
grid_least_squares_source_closure_control,P169-CASE-062,val,0.026,0.0264197531,,,0.096,0.0963043478,,,0.035,0.025096202,,
no_closure_source_control,P169-CASE-062,val,0.026,0.0264197531,,,0.096,0.0963043478,,,0.035,0,,
moment_linearized_closure_control,P169-CASE-062,val,0.026,0.0645354438,,,0.096,0.12,,,0.035,-0.1938983263,,
extra_trees_sensor_control,P169-CASE-062,val,0.026,0.0173972098,,,0.096,0.0681261905,,,0.035,0.0440390625,,
bayesian_hidden_source_closure_posterior,P169-CASE-063,train,0.026,0.0264197531,0.0264197531,0.0264197531,0.096,0.0963043477,0.0963043478,0.0963043478,0.105,0.1086175117,0.1086175093,0.1086175093
calibrated_bayesian_hidden_source_closure_posterior,P169-CASE-063,train,0.026,0.0264197531,0.0074773145,0.0453621917,0.096,0.0963043477,0.0773619091,0.1152467863,0.105,0.1086175117,0.0896750731,0.1275599503
grid_least_squares_source_closure_control,P169-CASE-063,train,0.026,0.0264197531,,,0.096,0.0963043478,,,0.105,0.1086175093,,
no_closure_source_control,P169-CASE-063,train,0.026,0.0264197531,,,0.096,0.0963043478,,,0.105,0,,
moment_linearized_closure_control,P169-CASE-063,train,0.026,0.0637495257,,,0.096,0.12,,,0.105,-0.1771081685,,
extra_trees_sensor_control,P169-CASE-063,train,0.026,0.0255534598,,,0.096,0.0713724702,,,0.105,0.081062128,,
bayesian_hidden_source_closure_posterior,P169-CASE-064,train,0.052,0.052654321,0.052654321,0.052654321,0.036,0.0354347962,0.0354347826,0.0354347826,-0.115,-0.1249209732,-0.1249206465,-0.1249206465
calibrated_bayesian_hidden_source_closure_posterior,P169-CASE-064,train,0.052,0.052654321,0.0337118824,0.0715967596,0.036,0.0354347962,0.0164923576,0.0543772348,-0.115,-0.1249209732,-0.1438634118,-0.1059785345
grid_least_squares_source_closure_control,P169-CASE-064,train,0.052,0.052654321,,,0.036,0.0354347826,,,-0.115,-0.1249206465,,
no_closure_source_control,P169-CASE-064,train,0.052,0.052654321,,,0.036,0.0354347826,,,-0.115,0,,
moment_linearized_closure_control,P169-CASE-064,train,0.052,0.08,,,0.036,0.1092793126,,,-0.115,-0.2,,
extra_trees_sensor_control,P169-CASE-064,train,0.052,0.0387566964,,,0.036,0.0530364583,,,-0.115,-0.0777842262,,
bayesian_hidden_source_closure_posterior,P169-CASE-065,train,0.052,0.0526543186,0.052654321,0.052654321,0.036,0.0354545554,0.0354347826,0.0354347826,-0.045,-0.0462483542,-0.0457589235,-0.0457589235
calibrated_bayesian_hidden_source_closure_posterior,P169-CASE-065,train,0.052,0.0526543186,0.0337118799,0.0715967572,0.036,0.0354545554,0.0165121168,0.0543969941,-0.045,-0.0462483542,-0.0651907929,-0.0273059156
grid_least_squares_source_closure_control,P169-CASE-065,train,0.052,0.052654321,,,0.036,0.0354347826,,,-0.045,-0.0457589235,,
no_closure_source_control,P169-CASE-065,train,0.052,0.052654321,,,0.036,0.0354347826,,,-0.045,0,,
moment_linearized_closure_control,P169-CASE-065,train,0.052,0.08,,,0.036,0.1097290552,,,-0.045,-0.2,,
extra_trees_sensor_control,P169-CASE-065,train,0.052,0.0372095238,,,0.036,0.0504318452,,,-0.045,-0.0582771577,,
bayesian_hidden_source_closure_posterior,P169-CASE-066,val,0.052,0.052654321,0.052654321,0.052654321,0.036,0.0354356849,0.0354347826,0.0354347826,0.035,0.0557888081,0.0558114437,0.0558114437
calibrated_bayesian_hidden_source_closure_posterior,P169-CASE-066,val,0.052,0.052654321,0.0337118824,0.0715967596,0.036,0.0354356849,0.0164932463,0.0543781235,0.035,0.0557888081,0.0368463695,0.0747312467
grid_least_squares_source_closure_control,P169-CASE-066,val,0.052,0.052654321,,,0.036,0.0354347826,,,0.035,0.0558114437,,
no_closure_source_control,P169-CASE-066,val,0.052,0.052654321,,,0.036,0.0354347826,,,0.035,0,,
moment_linearized_closure_control,P169-CASE-066,val,0.052,0.08,,,0.036,0.1104610563,,,0.035,-0.2,,
extra_trees_sensor_control,P169-CASE-066,val,0.052,0.0342339658,,,0.036,0.0609785714,,,0.035,0.0467488839,,
bayesian_hidden_source_closure_posterior,P169-CASE-067,train,0.052,0.052654321,0.052654321,0.052654321,0.036,0.0354347954,0.0354347826,0.0354347826,0.105,0.133566038,0.1335663618,0.1335663618
calibrated_bayesian_hidden_source_closure_posterior,P169-CASE-067,train,0.052,0.052654321,0.0337118824,0.0715967596,0.036,0.0354347954,0.0164923568,0.054377234,0.105,0.133566038,0.1146235993,0.1525084766
grid_least_squares_source_closure_control,P169-CASE-067,train,0.052,0.052654321,,,0.036,0.0354347826,,,0.105,0.1335663618,,
no_closure_source_control,P169-CASE-067,train,0.052,0.052654321,,,0.036,0.0354347826,,,0.105,0,,
moment_linearized_closure_control,P169-CASE-067,train,0.052,0.08,,,0.036,0.1130957097,,,0.105,-0.2,,
extra_trees_sensor_control,P169-CASE-067,train,0.052,0.0364703125,,,0.036,0.0631485119,,,0.105,0.0728058036,,
bayesian_hidden_source_closure_posterior,P169-CASE-068,val,0.052,0.0526017044,0.052654321,0.052654321,0.054,0.0539130435,0.0539130435,0.0539130435,-0.115,-0.1249440782,-0.1251351479,-0.1251351479
calibrated_bayesian_hidden_source_closure_posterior,P169-CASE-068,val,0.052,0.0526017044,0.0336592658,0.0715441431,0.054,0.0539130435,0.0349706048,0.0728554821,-0.115,-0.1249440782,-0.1438865168,-0.1060016395
grid_least_squares_source_closure_control,P169-CASE-068,val,0.052,0.052654321,,,0.054,0.0539130435,,,-0.115,-0.1251351479,,
no_closure_source_control,P169-CASE-068,val,0.052,0.052654321,,,0.054,0.0539130435,,,-0.115,0,,
moment_linearized_closure_control,P169-CASE-068,val,0.052,0.08,,,0.054,0.1188437968,,,-0.115,-0.2,,
extra_trees_sensor_control,P169-CASE-068,val,0.052,0.0354162574,,,0.054,0.0614636161,,,-0.115,-0.0741737351,,
bayesian_hidden_source_closure_posterior,P169-CASE-069,train,0.052,0.0526543207,0.052654321,0.052654321,0.054,0.0539130438,0.0539130435,0.0539130435,-0.045,-0.0811589888,-0.0811589836,-0.0811589836
calibrated_bayesian_hidden_source_closure_posterior,P169-CASE-069,train,0.052,0.0526543207,0.0337118821,0.0715967593,0.054,0.0539130438,0.0349706052,0.0728554824,-0.045,-0.0811589888,-0.1001014274,-0.0622165502
grid_least_squares_source_closure_control,P169-CASE-069,train,0.052,0.052654321,,,0.054,0.0539130435,,,-0.045,-0.0811589836,,
no_closure_source_control,P169-CASE-069,train,0.052,0.052654321,,,0.054,0.0539130435,,,-0.045,0,,
moment_linearized_closure_control,P169-CASE-069,train,0.052,0.08,,,0.054,0.1149123957,,,-0.045,-0.2,,
extra_trees_sensor_control,P169-CASE-069,train,0.052,0.0365466146,,,0.054,0.0559137649,,,-0.045,-0.049031994,,
bayesian_hidden_source_closure_posterior,P169-CASE-070,test,0.052,0.052654321,0.052654321,0.052654321,0.054,0.0539130435,0.0539130435,0.0539130435,0.035,0.053889877,0.053889877,0.053889877
calibrated_bayesian_hidden_source_closure_posterior,P169-CASE-070,test,0.052,0.052654321,0.0337118824,0.0715967596,0.054,0.0539130435,0.0349706049,0.0728554821,0.035,0.053889877,0.0349474384,0.0728323156
grid_least_squares_source_closure_control,P169-CASE-070,test,0.052,0.052654321,,,0.054,0.0539130435,,,0.035,0.053889877,,
no_closure_source_control,P169-CASE-070,test,0.052,0.052654321,,,0.054,0.0539130435,,,0.035,0,,
moment_linearized_closure_control,P169-CASE-070,test,0.052,0.08,,,0.054,0.1166428829,,,0.035,-0.2,,
extra_trees_sensor_control,P169-CASE-070,test,0.052,0.0326427083,,,0.054,0.0636314732,,,0.035,0.0602261905,,
bayesian_hidden_source_closure_posterior,P169-CASE-071,train,0.052,0.0525473123,0.0511111111,0.052654321,0.054,0.0539130439,0.0539130435,0.0539130435,0.105,0.098731524,0.0983090621,0.1044016593
calibrated_bayesian_hidden_source_closure_posterior,P169-CASE-071,train,0.052,0.0525473123,-14616079.13,14616079.24,0.054,0.0539130439,0.0349706053,0.0728554825,0.105,0.098731524,-57704324.42,57704324.62
grid_least_squares_source_closure_control,P169-CASE-071,train,0.052,0.052654321,,,0.054,0.0539130435,,,0.105,0.0983090621,,
no_closure_source_control,P169-CASE-071,train,0.052,0.052654321,,,0.054,0.0539130435,,,0.105,0,,
moment_linearized_closure_control,P169-CASE-071,train,0.052,0.08,,,0.054,0.116079895,,,0.105,-0.2,,
extra_trees_sensor_control,P169-CASE-071,train,0.052,0.0323649182,,,0.054,0.0632415179,,,0.105,0.0847459077,,
bayesian_hidden_source_closure_posterior,P169-CASE-072,test,0.052,0.0511671334,0.0511111111,0.0511111111,0.074,0.0736196595,0.0734782609,0.0745652174,-0.115,-0.1066667575,-0.1232105532,-0.1034960861
calibrated_bayesian_hidden_source_closure_posterior,P169-CASE-072,test,0.052,0.0511671334,0.0322246948,0.070109572,0.074,0.0736196595,-10294803.53,10294803.67,-0.115,-0.1066667575,-186720040.9,186720040.7
grid_least_squares_source_closure_control,P169-CASE-072,test,0.052,0.0511111111,,,0.074,0.0734782609,,,-0.115,-0.1034960861,,
no_closure_source_control,P169-CASE-072,test,0.052,0.0511111111,,,0.074,0.0734782609,,,-0.115,0,,
moment_linearized_closure_control,P169-CASE-072,test,0.052,0.08,,,0.074,0.12,,,-0.115,-0.2,,
extra_trees_sensor_control,P169-CASE-072,test,0.052,0.0350706473,,,0.074,0.0575513393,,,-0.115,-0.0657935268,,
bayesian_hidden_source_closure_posterior,P169-CASE-073,train,0.052,0.052654321,0.052654321,0.052654321,0.074,0.0743025738,0.0734782609,0.0745652174,-0.045,-0.0359365325,-0.0408337852,-0.0205663905
calibrated_bayesian_hidden_source_closure_posterior,P169-CASE-073,train,0.052,0.052654321,0.0337118824,0.0715967596,0.074,0.0743025738,-10294803.53,10294803.67,-0.045,-0.0359365325,-191956940.7,191956940.7
grid_least_squares_source_closure_control,P169-CASE-073,train,0.052,0.052654321,,,0.074,0.0745652174,,,-0.045,-0.0408337852,,
no_closure_source_control,P169-CASE-073,train,0.052,0.052654321,,,0.074,0.0734782609,,,-0.045,0,,
moment_linearized_closure_control,P169-CASE-073,train,0.052,0.08,,,0.074,0.12,,,-0.045,-0.2,,
extra_trees_sensor_control,P169-CASE-073,train,0.052,0.0312396205,,,0.074,0.0646302083,,,-0.045,-0.0487700893,,
bayesian_hidden_source_closure_posterior,P169-CASE-074,train,0.052,0.052654321,0.052654321,0.052654321,0.074,0.0734787421,0.0734782609,0.0734782609,0.035,0.0134988797,0.0135078744,0.0135078744
calibrated_bayesian_hidden_source_closure_posterior,P169-CASE-074,train,0.052,0.052654321,0.0337118824,0.0715967596,0.074,0.0734787421,0.0545363035,0.0924211808,0.035,0.0134988797,-0.0054435589,0.0324413184
grid_least_squares_source_closure_control,P169-CASE-074,train,0.052,0.052654321,,,0.074,0.0734782609,,,0.035,0.0135078744,,
no_closure_source_control,P169-CASE-074,train,0.052,0.052654321,,,0.074,0.0734782609,,,0.035,0,,
moment_linearized_closure_control,P169-CASE-074,train,0.052,0.08,,,0.074,0.12,,,0.035,-0.2,,
extra_trees_sensor_control,P169-CASE-074,train,0.052,0.0373610863,,,0.074,0.0703075149,,,0.035,0.0510520833,,
bayesian_hidden_source_closure_posterior,P169-CASE-075,val,0.052,0.0512298471,0.0511111111,0.052654321,0.074,0.0734782621,0.0734782609,0.0734782609,0.105,0.1234178513,0.1084244241,0.124667641
calibrated_bayesian_hidden_source_closure_posterior,P169-CASE-075,val,0.052,0.0512298471,-14616079.13,14616079.24,0.074,0.0734782621,0.0545358234,0.0924207007,0.105,0.1234178513,-153843069.3,153843069.6
grid_least_squares_source_closure_control,P169-CASE-075,val,0.052,0.0511111111,,,0.074,0.0734782609,,,0.105,0.124667641,,
no_closure_source_control,P169-CASE-075,val,0.052,0.052654321,,,0.074,0.0734782609,,,0.105,0,,
moment_linearized_closure_control,P169-CASE-075,val,0.052,0.08,,,0.074,0.12,,,0.105,-0.2,,
extra_trees_sensor_control,P169-CASE-075,val,0.052,0.0331818824,,,0.074,0.0680998512,,,0.105,0.0765427827,,
bayesian_hidden_source_closure_posterior,P169-CASE-076,train,0.052,0.0511603133,0.0511111111,0.0511111111,0.096,0.0953759603,0.0952173913,0.0963043478,-0.115,-0.1076888843,-0.1228146303,-0.1043380285
calibrated_bayesian_hidden_source_closure_posterior,P169-CASE-076,train,0.052,0.0511603133,0.0322178746,0.0701027519,0.096,0.0953759603,-10294803.5,10294803.7,-0.115,-0.1076888843,-174995948,174995947.8
grid_least_squares_source_closure_control,P169-CASE-076,train,0.052,0.0511111111,,,0.096,0.0952173913,,,-0.115,-0.1043380285,,
no_closure_source_control,P169-CASE-076,train,0.052,0.0511111111,,,0.096,0.0952173913,,,-0.115,0,,
moment_linearized_closure_control,P169-CASE-076,train,0.052,0.08,,,0.096,0.12,,,-0.115,-0.1799554896,,
extra_trees_sensor_control,P169-CASE-076,train,0.052,0.0318793899,,,0.096,0.075897247,,,-0.115,-0.0928407738,,
bayesian_hidden_source_closure_posterior,P169-CASE-077,val,0.052,0.052654321,0.052654321,0.052654321,0.096,0.096304348,0.0963043478,0.0963043478,-0.045,-0.0444545706,-0.0444545682,-0.0444545682
calibrated_bayesian_hidden_source_closure_posterior,P169-CASE-077,val,0.052,0.052654321,0.0337118824,0.0715967596,0.096,0.096304348,0.0773619093,0.1152467866,-0.045,-0.0444545706,-0.0633970092,-0.025512132
grid_least_squares_source_closure_control,P169-CASE-077,val,0.052,0.052654321,,,0.096,0.0963043478,,,-0.045,-0.0444545682,,
no_closure_source_control,P169-CASE-077,val,0.052,0.052654321,,,0.096,0.0963043478,,,-0.045,0,,
moment_linearized_closure_control,P169-CASE-077,val,0.052,0.08,,,0.096,0.12,,,-0.045,-0.1722889142,,
extra_trees_sensor_control,P169-CASE-077,val,0.052,0.0266039062,,,0.096,0.0720720982,,,-0.045,-0.0570811012,,
bayesian_hidden_source_closure_posterior,P169-CASE-078,train,0.052,0.052654321,0.052654321,0.052654321,0.096,0.0962846279,0.0963043478,0.0963043478,0.035,0.0295690751,0.0292356995,0.0292356995
calibrated_bayesian_hidden_source_closure_posterior,P169-CASE-078,train,0.052,0.052654321,0.0337118824,0.0715967596,0.096,0.0962846279,0.0773421893,0.1152270665,0.035,0.0295690751,0.0106266365,0.0485115137
grid_least_squares_source_closure_control,P169-CASE-078,train,0.052,0.052654321,,,0.096,0.0963043478,,,0.035,0.0292356995,,
no_closure_source_control,P169-CASE-078,train,0.052,0.052654321,,,0.096,0.0963043478,,,0.035,0,,
moment_linearized_closure_control,P169-CASE-078,train,0.052,0.08,,,0.096,0.12,,,0.035,-0.1636101219,,
extra_trees_sensor_control,P169-CASE-078,train,0.052,0.0382921875,,,0.096,0.0707059524,,,0.035,0.0592265625,,
bayesian_hidden_source_closure_posterior,P169-CASE-079,test,0.052,0.052654321,0.052654321,0.052654321,0.096,0.0963008883,0.0963043478,0.0963043478,0.105,0.0824418354,0.0823827122,0.0823827122
calibrated_bayesian_hidden_source_closure_posterior,P169-CASE-079,test,0.052,0.052654321,0.0337118824,0.0715967596,0.096,0.0963008883,0.0773584497,0.1152433269,0.105,0.0824418354,0.0634993968,0.101384274
grid_least_squares_source_closure_control,P169-CASE-079,test,0.052,0.052654321,,,0.096,0.0963043478,,,0.105,0.0823827122,,
no_closure_source_control,P169-CASE-079,test,0.052,0.052654321,,,0.096,0.0963043478,,,0.105,0,,
moment_linearized_closure_control,P169-CASE-079,test,0.052,0.08,,,0.096,0.12,,,0.105,-0.1609381626,,
extra_trees_sensor_control,P169-CASE-079,test,0.052,0.0326263765,,,0.096,0.068981994,,,0.105,0.0758839286,,
