x,y,z,t,signal,temperature_C,frame_index,row_index,col_index,laser_power_W,scan_speed_mm_s,spot_size_um
0.0,0.0,0.0,0.0,123.0,1081.000889251737,0,0,0,285.0,960.0,67.0
300.0,0.0,0.0,0.0,107.0,1070.1804722621068,0,0,300,285.0,960.0,67.0
0.0,8.0,0.0,0.0,141.0,1091.820194839102,0,8,0,285.0,960.0,67.0
300.0,8.0,0.0,0.0,115.0,1075.751792144178,0,8,300,285.0,960.0,67.0
0.0,16.0,0.0,0.0,118.0,1077.7557553634545,0,16,0,285.0,960.0,67.0
300.0,16.0,0.0,0.0,127.0,1083.5167871222163,0,16,300,285.0,960.0,67.0
0.0,24.0,0.0,0.0,138.0,1090.1021397018658,0,24,0,285.0,960.0,67.0
300.0,24.0,0.0,0.0,139.0,1090.6783357202166,0,24,300,285.0,960.0,67.0
0.0,32.0,0.0,0.0,119.0,1078.4140640581338,0,32,0,285.0,960.0,67.0
300.0,32.0,0.0,0.0,125.0,1082.267437985978,0,32,300,285.0,960.0,67.0
0.0,40.0,0.0,0.0,130.0,1085.3596542944422,0,40,0,285.0,960.0,67.0
300.0,40.0,0.0,0.0,128.0,1084.1351696996758,0,40,300,285.0,960.0,67.0
0.0,48.0,0.0,0.0,146.0,1094.6155224895754,0,48,0,285.0,960.0,67.0
300.0,48.0,0.0,0.0,134.0,1087.7611175615493,0,48,300,285.0,960.0,67.0
0.0,56.0,0.0,0.0,121.0,1079.7166149741097,0,56,0,285.0,960.0,67.0
300.0,56.0,0.0,0.0,122.0,1080.3610016411455,0,56,300,285.0,960.0,67.0
0.0,64.0,0.0,0.0,101.0,1065.7628888760817,0,64,0,285.0,960.0,67.0
300.0,64.0,0.0,0.0,132.0,1086.568153848815,0,64,300,285.0,960.0,67.0
0.0,72.0,0.0,0.0,112.0,1073.7026007119105,0,72,0,285.0,960.0,67.0
300.0,72.0,0.0,0.0,110.0,1072.3102227508348,0,72,300,285.0,960.0,67.0
0.0,80.0,0.0,0.0,132.0,1086.568153848815,0,80,0,285.0,960.0,67.0
300.0,80.0,0.0,0.0,111.0,1073.0090954733719,0,80,300,285.0,960.0,67.0
0.0,88.0,0.0,0.0,151.0,1097.3303686926968,0,88,0,285.0,960.0,67.0
300.0,88.0,0.0,0.0,128.0,1084.1351696996758,0,88,300,285.0,960.0,67.0
0.0,96.0,0.0,0.0,107.0,1070.1804722621068,0,96,0,285.0,960.0,67.0
300.0,96.0,0.0,0.0,128.0,1084.1351696996758,0,96,300,285.0,960.0,67.0
0.0,104.0,0.0,0.0,102.0,1066.514497451543,0,104,0,285.0,960.0,67.0
300.0,104.0,0.0,0.0,130.0,1085.3596542944422,0,104,300,285.0,960.0,67.0
0.0,112.0,0.0,0.0,136.0,1088.9389755037753,0,112,0,285.0,960.0,67.0
300.0,112.0,0.0,0.0,128.0,1084.1351696996758,0,112,300,285.0,960.0,67.0
0.0,120.0,0.0,0.0,104.0,1067.998969485603,0,120,0,285.0,960.0,67.0
300.0,120.0,0.0,0.0,123.0,1081.000889251737,0,120,300,285.0,960.0,67.0
0.0,128.0,0.0,0.0,114.0,1075.073863213154,0,128,0,285.0,960.0,67.0
300.0,128.0,0.0,0.0,134.0,1087.7611175615493,0,128,300,285.0,960.0,67.0
0.0,136.0,0.0,0.0,121.0,1079.7166149741097,0,136,0,285.0,960.0,67.0
300.0,136.0,0.0,0.0,133.0,1087.1665503707152,0,136,300,285.0,960.0,67.0
0.0,144.0,0.0,0.0,134.0,1087.7611175615493,0,144,0,285.0,960.0,67.0
300.0,144.0,0.0,0.0,119.0,1078.4140640581338,0,144,300,285.0,960.0,67.0
0.0,152.0,0.0,0.0,112.0,1073.7026007119105,0,152,0,285.0,960.0,67.0
300.0,152.0,0.0,0.0,121.0,1079.7166149741097,0,152,300,285.0,960.0,67.0
0.0,160.0,0.0,0.0,112.0,1073.7026007119105,0,160,0,285.0,960.0,67.0
300.0,160.0,0.0,0.0,118.0,1077.7557553634545,0,160,300,285.0,960.0,67.0
0.0,168.0,0.0,0.0,120.0,1079.0676595659613,0,168,0,285.0,960.0,67.0
300.0,168.0,0.0,0.0,114.0,1075.073863213154,0,168,300,285.0,960.0,67.0
300.0,176.0,0.0,0.0,116.0,1076.4246970775782,0,176,300,285.0,960.0,67.0
0.0,184.0,0.0,0.0,125.0,1082.267437985978,0,184,0,285.0,960.0,67.0
300.0,184.0,0.0,0.0,121.0,1079.7166149741097,0,184,300,285.0,960.0,67.0
300.0,192.0,0.0,0.0,115.0,1075.751792144178,0,192,300,285.0,960.0,67.0
300.0,200.0,0.0,0.0,118.0,1077.7557553634545,0,200,300,285.0,960.0,67.0
0.0,208.0,0.0,0.0,121.0,1079.7166149741097,0,208,0,285.0,960.0,67.0
300.0,208.0,0.0,0.0,128.0,1084.1351696996758,0,208,300,285.0,960.0,67.0
0.0,216.0,0.0,0.0,122.0,1080.3610016411455,0,216,0,285.0,960.0,67.0
300.0,216.0,0.0,0.0,127.0,1083.5167871222163,0,216,300,285.0,960.0,67.0
0.0,224.0,0.0,0.0,137.0,1089.522369246041,0,224,0,285.0,960.0,67.0
0.0,232.0,0.0,0.0,114.0,1075.073863213154,0,232,0,285.0,960.0,67.0
300.0,232.0,0.0,0.0,109.0,1071.605891022246,0,232,300,285.0,960.0,67.0
0.0,240.0,0.0,0.0,110.0,1072.3102227508348,0,240,0,285.0,960.0,67.0
300.0,240.0,0.0,0.0,109.0,1071.605891022246,0,240,300,285.0,960.0,67.0
0.0,248.0,0.0,0.0,109.0,1071.605891022246,0,248,0,285.0,960.0,67.0
300.0,248.0,0.0,0.0,110.0,1072.3102227508348,0,248,300,285.0,960.0,67.0
0.0,256.0,0.0,0.0,121.0,1079.7166149741097,0,256,0,285.0,960.0,67.0
300.0,256.0,0.0,0.0,116.0,1076.4246970775782,0,256,300,285.0,960.0,67.0
0.0,264.0,0.0,0.0,104.0,1067.998969485603,0,264,0,285.0,960.0,67.0
300.0,264.0,0.0,0.0,120.0,1079.0676595659613,0,264,300,285.0,960.0,67.0
0.0,272.0,0.0,0.0,124.0,1081.6363458691983,0,272,0,285.0,960.0,67.0
300.0,272.0,0.0,0.0,114.0,1075.073863213154,0,272,300,285.0,960.0,67.0
0.0,280.0,0.0,0.0,113.0,1074.3908276501156,0,280,0,285.0,960.0,67.0
300.0,280.0,0.0,0.0,118.0,1077.7557553634545,0,280,300,285.0,960.0,67.0
0.0,288.0,0.0,0.0,106.0,1069.4591897240675,0,288,0,285.0,960.0,67.0
300.0,288.0,0.0,0.0,127.0,1083.5167871222163,0,288,300,285.0,960.0,67.0
300.0,296.0,0.0,0.0,121.0,1079.7166149741097,0,296,300,285.0,960.0,67.0
0.0,304.0,0.0,0.0,114.0,1075.073863213154,0,304,0,285.0,960.0,67.0
300.0,304.0,0.0,0.0,118.0,1077.7557553634545,0,304,300,285.0,960.0,67.0
0.0,312.0,0.0,0.0,109.0,1071.605891022246,0,312,0,285.0,960.0,67.0
300.0,312.0,0.0,0.0,102.0,1066.514497451543,0,312,300,285.0,960.0,67.0
0.0,320.0,0.0,0.0,127.0,1083.5167871222163,0,320,0,285.0,960.0,67.0
300.0,320.0,0.0,0.0,142.0,1092.3859507185814,0,320,300,285.0,960.0,67.0
300.0,328.0,0.0,0.0,114.0,1075.073863213154,0,328,300,285.0,960.0,67.0
300.0,336.0,0.0,0.0,118.0,1077.7557553634545,0,336,300,285.0,960.0,67.0
0.0,344.0,0.0,0.0,121.0,1079.7166149741097,0,344,0,285.0,960.0,67.0
300.0,344.0,0.0,0.0,107.0,1070.1804722621068,0,344,300,285.0,960.0,67.0
0.0,352.0,0.0,0.0,106.0,1069.4591897240675,0,352,0,285.0,960.0,67.0
300.0,352.0,0.0,0.0,125.0,1082.267437985978,0,352,300,285.0,960.0,67.0
300.0,360.0,0.0,0.0,125.0,1082.267437985978,0,360,300,285.0,960.0,67.0
0.0,368.0,0.0,0.0,121.0,1079.7166149741097,0,368,0,285.0,960.0,67.0
300.0,368.0,0.0,0.0,122.0,1080.3610016411455,0,368,300,285.0,960.0,67.0
300.0,376.0,0.0,0.0,110.0,1072.3102227508348,0,376,300,285.0,960.0,67.0
0.0,384.0,0.0,0.0,112.0,1073.7026007119105,0,384,0,285.0,960.0,67.0
300.0,384.0,0.0,0.0,120.0,1079.0676595659613,0,384,300,285.0,960.0,67.0
0.0,392.0,0.0,0.0,101.0,1065.7628888760817,0,392,0,285.0,960.0,67.0
300.0,392.0,0.0,0.0,125.0,1082.267437985978,0,392,300,285.0,960.0,67.0
0.0,400.0,0.0,0.0,101.0,1065.7628888760817,0,400,0,285.0,960.0,67.0
300.0,400.0,0.0,0.0,111.0,1073.0090954733719,0,400,300,285.0,960.0,67.0
300.0,408.0,0.0,0.0,108.0,1070.8960063436866,0,408,300,285.0,960.0,67.0
0.0,416.0,0.0,0.0,101.0,1065.7628888760817,0,416,0,285.0,960.0,67.0
300.0,416.0,0.0,0.0,112.0,1073.7026007119105,0,416,300,285.0,960.0,67.0
300.0,424.0,0.0,0.0,120.0,1079.0676595659613,0,424,300,285.0,960.0,67.0
300.0,432.0,0.0,0.0,122.0,1080.3610016411455,0,432,300,285.0,960.0,67.0
300.0,440.0,0.0,0.0,109.0,1071.605891022246,0,440,300,285.0,960.0,67.0
300.0,448.0,0.0,0.0,107.0,1070.1804722621068,0,448,300,285.0,960.0,67.0
0.0,456.0,0.0,0.0,101.0,1065.7628888760817,0,456,0,285.0,960.0,67.0
300.0,464.0,0.0,0.0,122.0,1080.3610016411455,0,464,300,285.0,960.0,67.0
300.0,472.0,0.0,0.0,109.0,1071.605891022246,0,472,300,285.0,960.0,67.0
300.0,480.0,0.0,0.0,120.0,1079.0676595659613,0,480,300,285.0,960.0,67.0
0.0,496.0,0.0,0.0,107.0,1070.1804722621068,0,496,0,285.0,960.0,67.0
300.0,496.0,0.0,0.0,101.0,1065.7628888760817,0,496,300,285.0,960.0,67.0
0.0,504.0,0.0,0.0,100.0,1065.0048772423042,0,504,0,285.0,960.0,67.0
300.0,504.0,0.0,0.0,117.0,1077.0926586091684,0,504,300,285.0,960.0,67.0
300.0,512.0,0.0,0.0,110.0,1072.3102227508348,0,512,300,285.0,960.0,67.0
0.0,520.0,0.0,0.0,103.0,1067.2598197945529,0,520,0,285.0,960.0,67.0
300.0,520.0,0.0,0.0,119.0,1078.4140640581338,0,520,300,285.0,960.0,67.0
300.0,528.0,0.0,0.0,112.0,1073.7026007119105,0,528,300,285.0,960.0,67.0
300.0,536.0,0.0,0.0,115.0,1075.751792144178,0,536,300,285.0,960.0,67.0
0.0,544.0,0.0,0.0,102.0,1066.514497451543,0,544,0,285.0,960.0,67.0
300.0,544.0,0.0,0.0,101.0,1065.7628888760817,0,544,300,285.0,960.0,67.0
300.0,552.0,0.0,0.0,104.0,1067.998969485603,0,552,300,285.0,960.0,67.0
300.0,560.0,0.0,0.0,100.0,1065.0048772423042,0,560,300,285.0,960.0,67.0
300.0,568.0,0.0,0.0,117.0,1077.0926586091684,0,568,300,285.0,960.0,67.0
300.0,576.0,0.0,0.0,101.0,1065.7628888760817,0,576,300,285.0,960.0,67.0
0.0,584.0,0.0,0.0,104.0,1067.998969485603,0,584,0,285.0,960.0,67.0
300.0,592.0,0.0,0.0,113.0,1074.3908276501156,0,592,300,285.0,960.0,67.0
0.0,608.0,0.0,0.0,111.0,1073.0090954733719,0,608,0,285.0,960.0,67.0
300.0,616.0,0.0,0.0,106.0,1069.4591897240675,0,616,300,285.0,960.0,67.0
0.0,624.0,0.0,0.0,108.0,1070.8960063436866,0,624,0,285.0,960.0,67.0
300.0,624.0,0.0,0.0,126.0,1082.8942305721798,0,624,300,285.0,960.0,67.0
300.0,632.0,0.0,0.0,102.0,1066.514497451543,0,632,300,285.0,960.0,67.0
248.0,72.0,0.0,0.0008333333333333334,106.0,1069.4591897240675,25,72,248,285.0,960.0,67.0
252.0,72.0,0.0,0.0008333333333333334,123.0,1081.000889251737,25,72,252,285.0,960.0,67.0
248.0,80.0,0.0,0.0008333333333333334,129.0,1084.749438980484,25,80,248,285.0,960.0,67.0
252.0,80.0,0.0,0.0008333333333333334,163.0,1103.546052352859,25,80,252,285.0,960.0,67.0
256.0,80.0,0.0,0.0008333333333333334,175.0,1109.3835410957636,25,80,256,285.0,960.0,67.0
260.0,80.0,0.0,0.0008333333333333334,126.0,1082.8942305721798,25,80,260,285.0,960.0,67.0
264.0,80.0,0.0,0.0008333333333333334,138.0,1090.1021397018658,25,80,264,285.0,960.0,67.0
268.0,80.0,0.0,0.0008333333333333334,103.0,1067.2598197945529,25,80,268,285.0,960.0,67.0
252.0,88.0,0.0,0.0008333333333333334,144.0,1093.5073400847941,25,88,252,285.0,960.0,67.0
256.0,88.0,0.0,0.0008333333333333334,232.0,1133.1768592293874,25,88,256,285.0,960.0,67.0
260.0,88.0,0.0,0.0008333333333333334,269.0,1146.0781789049004,25,88,260,285.0,960.0,67.0
264.0,88.0,0.0,0.0008333333333333334,257.0,1142.068095452822,25,88,264,285.0,960.0,67.0
268.0,88.0,0.0,0.0008333333333333334,239.0,1135.7451469905807,25,88,268,285.0,960.0,67.0
272.0,88.0,0.0,0.0008333333333333334,175.0,1109.3835410957636,25,88,272,285.0,960.0,67.0
276.0,88.0,0.0,0.0008333333333333334,117.0,1077.0926586091684,25,88,276,285.0,960.0,67.0
280.0,88.0,0.0,0.0008333333333333334,117.0,1077.0926586091684,25,88,280,285.0,960.0,67.0
252.0,96.0,0.0,0.0008333333333333334,176.0,1109.854467922822,25,96,252,285.0,960.0,67.0
256.0,96.0,0.0,0.0008333333333333334,327.0,1163.5590291580695,25,96,256,285.0,960.0,67.0
260.0,96.0,0.0,0.0008333333333333334,385.0,1178.5942109752912,25,96,260,285.0,960.0,67.0
264.0,96.0,0.0,0.0008333333333333334,587.0,1219.3011927392763,25,96,264,285.0,960.0,67.0
268.0,96.0,0.0,0.0008333333333333334,332.0,1164.9400825123853,25,96,268,285.0,960.0,67.0
272.0,96.0,0.0,0.0008333333333333334,241.0,1136.4672321239132,25,96,272,285.0,960.0,67.0
276.0,96.0,0.0,0.0008333333333333334,163.0,1103.546052352859,25,96,276,285.0,960.0,67.0
248.0,104.0,0.0,0.0008333333333333334,100.0,1065.0048772423042,25,104,248,285.0,960.0,67.0
252.0,104.0,0.0,0.0008333333333333334,160.0,1102.0296438104958,25,104,252,285.0,960.0,67.0
256.0,104.0,0.0,0.0008333333333333334,352.0,1170.294734524699,25,104,256,285.0,960.0,67.0
260.0,104.0,0.0,0.0008333333333333334,622.0,1225.112568975395,25,104,260,285.0,960.0,67.0
264.0,104.0,0.0,0.0008333333333333334,3585.0,1431.8989930297691,25,104,264,285.0,960.0,67.0
268.0,104.0,0.0,0.0008333333333333334,1394.0,1312.318177451644,25,104,268,285.0,960.0,67.0
272.0,104.0,0.0,0.0008333333333333334,281.0,1149.9397318027447,25,104,272,285.0,960.0,67.0
276.0,104.0,0.0,0.0008333333333333334,131.0,1085.9658736652123,25,104,276,285.0,960.0,67.0
252.0,112.0,0.0,0.0008333333333333334,119.0,1078.4140640581338,25,112,252,285.0,960.0,67.0
256.0,112.0,0.0,0.0008333333333333334,307.0,1157.8502678387476,25,112,256,285.0,960.0,67.0
260.0,112.0,0.0,0.0008333333333333334,901.0,1263.6585589447811,25,112,260,285.0,960.0,67.0
264.0,112.0,0.0,0.0008333333333333334,4095.0,1450.5594629649443,25,112,264,285.0,960.0,67.0
268.0,112.0,0.0,0.0008333333333333334,2157.0,1364.9473112959374,25,112,268,285.0,960.0,67.0
272.0,112.0,0.0,0.0008333333333333334,327.0,1163.5590291580695,25,112,272,285.0,960.0,67.0
276.0,112.0,0.0,0.0008333333333333334,140.0,1091.2510051442594,25,112,276,285.0,960.0,67.0
256.0,120.0,0.0,0.0008333333333333334,207.0,1123.432922460073,25,120,256,285.0,960.0,67.0
260.0,120.0,0.0,0.0008333333333333334,1134.0,1288.8388062613117,25,120,260,285.0,960.0,67.0
264.0,120.0,0.0,0.0008333333333333334,4095.0,1450.5594629649443,25,120,264,285.0,960.0,67.0
268.0,120.0,0.0,0.0008333333333333334,4095.0,1450.5594629649443,25,120,268,285.0,960.0,67.0
272.0,120.0,0.0,0.0008333333333333334,437.0,1190.53141023672,25,120,272,285.0,960.0,67.0
276.0,120.0,0.0,0.0008333333333333334,167.0,1105.5313823642557,25,120,276,285.0,960.0,67.0
252.0,128.0,0.0,0.0008333333333333334,108.0,1070.8960063436866,25,128,252,285.0,960.0,67.0
256.0,128.0,0.0,0.0008333333333333334,162.0,1103.0432433846815,25,128,256,285.0,960.0,67.0
260.0,128.0,0.0,0.0008333333333333334,1545.0,1324.3427096566054,25,128,260,285.0,960.0,67.0
264.0,128.0,0.0,0.0008333333333333334,4095.0,1450.5594629649443,25,128,264,285.0,960.0,67.0
268.0,128.0,0.0,0.0008333333333333334,4095.0,1450.5594629649443,25,128,268,285.0,960.0,67.0
272.0,128.0,0.0,0.0008333333333333334,754.0,1244.83083119962,25,128,272,285.0,960.0,67.0
276.0,128.0,0.0,0.0008333333333333334,320.0,1161.5953294998858,25,128,276,285.0,960.0,67.0
280.0,128.0,0.0,0.0008333333333333334,142.0,1092.3859507185814,25,128,280,285.0,960.0,67.0
284.0,128.0,0.0,0.0008333333333333334,104.0,1067.998969485603,25,128,284,285.0,960.0,67.0
252.0,136.0,0.0,0.0008333333333333334,111.0,1073.0090954733719,25,136,252,285.0,960.0,67.0
256.0,136.0,0.0,0.0008333333333333334,258.0,1142.4082520643506,25,136,256,285.0,960.0,67.0
260.0,136.0,0.0,0.0008333333333333334,1006.0,1275.60145028959,25,136,260,285.0,960.0,67.0
264.0,136.0,0.0,0.0008333333333333334,4095.0,1450.5594629649443,25,136,264,285.0,960.0,67.0
268.0,136.0,0.0,0.0008333333333333334,4095.0,1450.5594629649443,25,136,268,285.0,960.0,67.0
272.0,136.0,0.0,0.0008333333333333334,636.0,1227.360902473655,25,136,272,285.0,960.0,67.0
276.0,136.0,0.0,0.0008333333333333334,353.0,1170.55567475653,25,136,276,285.0,960.0,67.0
280.0,136.0,0.0,0.0008333333333333334,153.0,1098.394886222793,25,136,280,285.0,960.0,67.0
256.0,144.0,0.0,0.0008333333333333334,100.0,1065.0048772423042,25,144,256,285.0,960.0,67.0
260.0,144.0,0.0,0.0008333333333333334,149.0,1096.2537635978442,25,144,260,285.0,960.0,67.0
264.0,144.0,0.0,0.0008333333333333334,315.0,1160.1703830830463,25,144,264,285.0,960.0,67.0
268.0,144.0,0.0,0.0008333333333333334,275.0,1148.0267632306009,25,144,268,285.0,960.0,67.0
272.0,144.0,0.0,0.0008333333333333334,180.0,1111.7157042021142,25,144,272,285.0,960.0,67.0
264.0,152.0,0.0,0.0008333333333333334,110.0,1072.3102227508348,25,152,264,285.0,960.0,67.0
260.0,104.0,0.0,0.0016666666666666668,155.0,1099.4476092988436,50,104,260,285.0,960.0,67.0
264.0,104.0,0.0,0.0016666666666666668,756.0,1245.1067051053888,50,104,264,285.0,960.0,67.0
268.0,104.0,0.0,0.0016666666666666668,216.0,1127.0503210486984,50,104,268,285.0,960.0,67.0
256.0,112.0,0.0,0.0016666666666666668,100.0,1065.0048772423042,50,112,256,285.0,960.0,67.0
260.0,112.0,0.0,0.0016666666666666668,163.0,1103.546052352859,50,112,260,285.0,960.0,67.0
264.0,112.0,0.0,0.0016666666666666668,919.0,1265.7850332086362,50,112,264,285.0,960.0,67.0
268.0,112.0,0.0,0.0016666666666666668,377.0,1176.638871867399,50,112,268,285.0,960.0,67.0
272.0,112.0,0.0,0.0016666666666666668,101.0,1065.7628888760817,50,112,272,285.0,960.0,67.0
260.0,120.0,0.0,0.0016666666666666668,122.0,1080.3610016411455,50,120,260,285.0,960.0,67.0
264.0,120.0,0.0,0.0016666666666666668,978.0,1272.5215178463661,50,120,264,285.0,960.0,67.0
268.0,120.0,0.0,0.0016666666666666668,367.0,1174.1449944893536,50,120,268,285.0,960.0,67.0
256.0,128.0,0.0,0.0016666666666666668,101.0,1065.7628888760817,50,128,256,285.0,960.0,67.0
260.0,128.0,0.0,0.0016666666666666668,186.0,1114.442657479322,50,128,260,285.0,960.0,67.0
264.0,128.0,0.0,0.0016666666666666668,1290.0,1303.3982914182097,50,128,264,285.0,960.0,67.0
268.0,128.0,0.0,0.0016666666666666668,492.0,1201.9233530020424,50,128,268,285.0,960.0,67.0
256.0,136.0,0.0,0.0016666666666666668,151.0,1097.3303686926968,50,136,256,285.0,960.0,67.0
260.0,136.0,0.0,0.0016666666666666668,335.0,1165.7603201492952,50,136,260,285.0,960.0,67.0
264.0,136.0,0.0,0.0016666666666666668,2072.0,1359.9213720810114,50,136,264,285.0,960.0,67.0
268.0,136.0,0.0,0.0016666666666666668,882.0,1261.3754099566445,50,136,268,285.0,960.0,67.0
272.0,136.0,0.0,0.0016666666666666668,194.0,1117.9645707376897,50,136,272,285.0,960.0,67.0
276.0,136.0,0.0,0.0016666666666666668,120.0,1079.0676595659613,50,136,276,285.0,960.0,67.0
252.0,144.0,0.0,0.0016666666666666668,113.0,1074.3908276501156,50,144,252,285.0,960.0,67.0
256.0,144.0,0.0,0.0016666666666666668,248.0,1138.9552016126606,50,144,256,285.0,960.0,67.0
260.0,144.0,0.0,0.0016666666666666668,505.0,1204.4590196411843,50,144,260,285.0,960.0,67.0
264.0,144.0,0.0,0.0016666666666666668,3635.0,1433.819012187331,50,144,264,285.0,960.0,67.0
268.0,144.0,0.0,0.0016666666666666668,1342.0,1307.9292612795232,50,144,268,285.0,960.0,67.0
272.0,144.0,0.0,0.0016666666666666668,395.0,1180.990892438046,50,144,272,285.0,960.0,67.0
276.0,144.0,0.0,0.0016666666666666668,203.0,1121.7821811058407,50,144,276,285.0,960.0,67.0
280.0,144.0,0.0,0.0016666666666666668,110.0,1072.3102227508348,50,144,280,285.0,960.0,67.0
252.0,152.0,0.0,0.0016666666666666668,117.0,1077.0926586091684,50,152,252,285.0,960.0,67.0
256.0,152.0,0.0,0.0016666666666666668,335.0,1165.7603201492952,50,152,256,285.0,960.0,67.0
260.0,152.0,0.0,0.0016666666666666668,816.0,1253.1137058208099,50,152,260,285.0,960.0,67.0
264.0,152.0,0.0,0.0016666666666666668,4095.0,1450.5594629649443,50,152,264,285.0,960.0,67.0
268.0,152.0,0.0,0.0016666666666666668,2226.0,1368.9101771281676,50,152,268,285.0,960.0,67.0
272.0,152.0,0.0,0.0016666666666666668,500.0,1203.4903054218178,50,152,272,285.0,960.0,67.0
276.0,152.0,0.0,0.0016666666666666668,236.0,1134.6523622932484,50,152,276,285.0,960.0,67.0
280.0,152.0,0.0,0.0016666666666666668,117.0,1077.0926586091684,50,152,280,285.0,960.0,67.0
252.0,160.0,0.0,0.0016666666666666668,103.0,1067.2598197945529,50,160,252,285.0,960.0,67.0
256.0,160.0,0.0,0.0016666666666666668,205.0,1122.6109698176267,50,160,256,285.0,960.0,67.0
260.0,160.0,0.0,0.0016666666666666668,1000.0,1274.9474876113172,50,160,260,285.0,960.0,67.0
264.0,160.0,0.0,0.0016666666666666668,4095.0,1450.5594629649443,50,160,264,285.0,960.0,67.0
268.0,160.0,0.0,0.0016666666666666668,3575.0,1431.5124199725688,50,160,268,285.0,960.0,67.0
272.0,160.0,0.0,0.0016666666666666668,591.0,1219.9797672401658,50,160,272,285.0,960.0,67.0
276.0,160.0,0.0,0.0016666666666666668,182.0,1112.6331644835116,50,160,276,285.0,960.0,67.0
280.0,160.0,0.0,0.0016666666666666668,121.0,1079.7166149741097,50,160,280,285.0,960.0,67.0
248.0,168.0,0.0,0.0016666666666666668,104.0,1067.998969485603,50,168,248,285.0,960.0,67.0
252.0,168.0,0.0,0.0016666666666666668,115.0,1075.751792144178,50,168,252,285.0,960.0,67.0
256.0,168.0,0.0,0.0016666666666666668,248.0,1138.9552016126606,50,168,256,285.0,960.0,67.0
260.0,168.0,0.0,0.0016666666666666668,1647.0,1331.9307610404007,50,168,260,285.0,960.0,67.0
264.0,168.0,0.0,0.0016666666666666668,4095.0,1450.5594629649443,50,168,264,285.0,960.0,67.0
268.0,168.0,0.0,0.0016666666666666668,4095.0,1450.5594629649443,50,168,268,285.0,960.0,67.0
272.0,168.0,0.0,0.0016666666666666668,892.0,1262.582092716267,50,168,272,285.0,960.0,67.0
276.0,168.0,0.0,0.0016666666666666668,387.0,1179.077701228887,50,168,276,285.0,960.0,67.0
280.0,168.0,0.0,0.0016666666666666668,170.0,1106.9939824738008,50,168,280,285.0,960.0,67.0
284.0,168.0,0.0,0.0016666666666666668,100.0,1065.0048772423042,50,168,284,285.0,960.0,67.0
256.0,176.0,0.0,0.0016666666666666668,171.0,1107.476635040906,50,176,256,285.0,960.0,67.0
260.0,176.0,0.0,0.0016666666666666668,532.0,1209.5554520168876,50,176,260,285.0,960.0,67.0
264.0,176.0,0.0,0.0016666666666666668,3655.0,1434.5811055272166,50,176,264,285.0,960.0,67.0
268.0,176.0,0.0,0.0016666666666666668,1042.0,1279.4588811051203,50,176,268,285.0,960.0,67.0
272.0,176.0,0.0,0.0016666666666666668,370.0,1174.899101273016,50,176,272,285.0,960.0,67.0
276.0,176.0,0.0,0.0016666666666666668,203.0,1121.7821811058407,50,176,276,285.0,960.0,67.0
280.0,176.0,0.0,0.0016666666666666668,122.0,1080.3610016411455,50,176,280,285.0,960.0,67.0
260.0,184.0,0.0,0.0016666666666666668,141.0,1091.820194839102,50,184,260,285.0,960.0,67.0
264.0,184.0,0.0,0.0016666666666666668,204.0,1122.197437762456,50,184,264,285.0,960.0,67.0
268.0,184.0,0.0,0.0016666666666666668,196.0,1118.8257344559634,50,184,268,285.0,960.0,67.0
272.0,184.0,0.0,0.0016666666666666668,125.0,1082.267437985978,50,184,272,285.0,960.0,67.0
264.0,120.0,0.0,0.0025,113.0,1074.3908276501156,75,120,264,285.0,960.0,67.0
264.0,128.0,0.0,0.0025,119.0,1078.4140640581338,75,128,264,285.0,960.0,67.0
260.0,136.0,0.0,0.0025,121.0,1079.7166149741097,75,136,260,285.0,960.0,67.0
264.0,136.0,0.0,0.0025,313.0,1159.5950570680766,75,136,264,285.0,960.0,67.0
268.0,136.0,0.0,0.0025,142.0,1092.3859507185814,75,136,268,285.0,960.0,67.0
252.0,144.0,0.0,0.0025,149.0,1096.2537635978442,75,144,252,285.0,960.0,67.0
256.0,144.0,0.0,0.0025,184.0,1113.542091552476,75,144,256,285.0,960.0,67.0
260.0,144.0,0.0,0.0025,212.0,1125.458692121164,75,144,260,285.0,960.0,67.0
264.0,144.0,0.0,0.0025,545.0,1211.9324734436373,75,144,264,285.0,960.0,67.0
268.0,144.0,0.0,0.0025,209.0,1124.2481615578747,75,144,268,285.0,960.0,67.0
272.0,144.0,0.0,0.0025,120.0,1079.0676595659613,75,144,272,285.0,960.0,67.0
276.0,144.0,0.0,0.0025,125.0,1082.267437985978,75,144,276,285.0,960.0,67.0
280.0,144.0,0.0,0.0025,107.0,1070.1804722621068,75,144,280,285.0,960.0,67.0
248.0,152.0,0.0,0.0025,131.0,1085.9658736652123,75,152,248,285.0,960.0,67.0
252.0,152.0,0.0,0.0025,261.0,1143.4220709632932,75,152,252,285.0,960.0,67.0
256.0,152.0,0.0,0.0025,274.0,1147.7045116315987,75,152,256,285.0,960.0,67.0
260.0,152.0,0.0,0.0025,291.0,1153.0526360664742,75,152,260,285.0,960.0,67.0
264.0,152.0,0.0,0.0025,911.0,1264.8442327104042,75,152,264,285.0,960.0,67.0
268.0,152.0,0.0,0.0025,282.0,1150.2551969369374,75,152,268,285.0,960.0,67.0
272.0,152.0,0.0,0.0025,159.0,1101.518791086559,75,152,272,285.0,960.0,67.0
276.0,152.0,0.0,0.0025,123.0,1081.000889251737,75,152,276,285.0,960.0,67.0
280.0,152.0,0.0,0.0025,104.0,1067.998969485603,75,152,280,285.0,960.0,67.0
248.0,160.0,0.0,0.0025,121.0,1079.7166149741097,75,160,248,285.0,960.0,67.0
252.0,160.0,0.0,0.0025,244.0,1137.540900510941,75,160,252,285.0,960.0,67.0
256.0,160.0,0.0,0.0025,350.0,1169.7709754211264,75,160,256,285.0,960.0,67.0
260.0,160.0,0.0,0.0025,353.0,1170.55567475653,75,160,260,285.0,960.0,67.0
264.0,160.0,0.0,0.0025,1066.0,1281.9697573098663,75,160,264,285.0,960.0,67.0
268.0,160.0,0.0,0.0025,384.0,1178.3516732224737,75,160,268,285.0,960.0,67.0
272.0,160.0,0.0,0.0025,197.0,1119.2535203443717,75,160,272,285.0,960.0,67.0
276.0,160.0,0.0,0.0025,124.0,1081.6363458691983,75,160,276,285.0,960.0,67.0
248.0,168.0,0.0,0.0025,114.0,1075.073863213154,75,168,248,285.0,960.0,67.0
252.0,168.0,0.0,0.0025,220.0,1128.6171395240606,75,168,252,285.0,960.0,67.0
256.0,168.0,0.0,0.0025,322.0,1162.160053719117,75,168,256,285.0,960.0,67.0
260.0,168.0,0.0,0.0025,437.0,1190.53141023672,75,168,260,285.0,960.0,67.0
264.0,168.0,0.0,0.0025,1356.0,1309.124447409614,75,168,264,285.0,960.0,67.0
268.0,168.0,0.0,0.0025,492.0,1201.9233530020424,75,168,268,285.0,960.0,67.0
272.0,168.0,0.0,0.0025,214.0,1126.2576617287355,75,168,272,285.0,960.0,67.0
276.0,168.0,0.0,0.0025,125.0,1082.267437985978,75,168,276,285.0,960.0,67.0
252.0,176.0,0.0,0.0025,145.0,1094.0630608713254,75,176,252,285.0,960.0,67.0
256.0,176.0,0.0,0.0025,276.0,1148.3480257064807,75,176,256,285.0,960.0,67.0
260.0,176.0,0.0,0.0025,466.0,1196.6788427318127,75,176,260,285.0,960.0,67.0
264.0,176.0,0.0,0.0025,2042.0,1358.1074529191299,75,176,264,285.0,960.0,67.0
268.0,176.0,0.0,0.0025,788.0,1249.4402155324844,75,176,268,285.0,960.0,67.0
272.0,176.0,0.0,0.0025,290.0,1152.74544857703,75,176,272,285.0,960.0,67.0
276.0,176.0,0.0,0.0025,141.0,1091.820194839102,75,176,276,285.0,960.0,67.0
256.0,184.0,0.0,0.0025,286.0,1151.5076796649075,75,184,256,285.0,960.0,67.0
260.0,184.0,0.0,0.0025,603.0,1221.9927323158981,75,184,260,285.0,960.0,67.0
264.0,184.0,0.0,0.0025,3603.0,1432.5926546671349,75,184,264,285.0,960.0,67.0
268.0,184.0,0.0,0.0025,1185.0,1293.7709450334733,75,184,268,285.0,960.0,67.0
272.0,184.0,0.0,0.0025,337.0,1166.303712184611,75,184,272,285.0,960.0,67.0
276.0,184.0,0.0,0.0025,153.0,1098.394886222793,75,184,276,285.0,960.0,67.0
256.0,192.0,0.0,0.0025,256.0,1141.7268169636145,75,192,256,285.0,960.0,67.0
260.0,192.0,0.0,0.0025,802.0,1251.290275033677,75,192,260,285.0,960.0,67.0
264.0,192.0,0.0,0.0025,4095.0,1450.5594629649443,75,192,264,285.0,960.0,67.0
268.0,192.0,0.0,0.0025,2210.0,1368.0002297611381,75,192,268,285.0,960.0,67.0
272.0,192.0,0.0,0.0025,441.0,1191.3993173020285,75,192,272,285.0,960.0,67.0
276.0,192.0,0.0,0.0025,158.0,1101.0051940565802,75,192,276,285.0,960.0,67.0
256.0,200.0,0.0,0.0025,176.0,1109.854467922822,75,200,256,285.0,960.0,67.0
260.0,200.0,0.0,0.0025,1048.0,1280.0910432729947,75,200,260,285.0,960.0,67.0
264.0,200.0,0.0,0.0025,4095.0,1450.5594629649443,75,200,264,285.0,960.0,67.0
268.0,200.0,0.0,0.0025,4095.0,1450.5594629649443,75,200,268,285.0,960.0,67.0
272.0,200.0,0.0,0.0025,521.0,1207.5058647340657,75,200,272,285.0,960.0,67.0
276.0,200.0,0.0,0.0025,199.0,1120.1035878577889,75,200,276,285.0,960.0,67.0
248.0,208.0,0.0,0.0025,100.0,1065.0048772423042,75,208,248,285.0,960.0,67.0
252.0,208.0,0.0,0.0025,159.0,1101.518791086559,75,208,252,285.0,960.0,67.0
256.0,208.0,0.0,0.0025,335.0,1165.7603201492952,75,208,256,285.0,960.0,67.0
260.0,208.0,0.0,0.0025,1479.0,1319.2111800776106,75,208,260,285.0,960.0,67.0
264.0,208.0,0.0,0.0025,4095.0,1450.5594629649443,75,208,264,285.0,960.0,67.0
268.0,208.0,0.0,0.0025,4095.0,1450.5594629649443,75,208,268,285.0,960.0,67.0
272.0,208.0,0.0,0.0025,841.0,1256.30620816943,75,208,272,285.0,960.0,67.0
276.0,208.0,0.0,0.0025,403.0,1182.8717798532507,75,208,276,285.0,960.0,67.0
280.0,208.0,0.0,0.0025,184.0,1113.542091552476,75,208,280,285.0,960.0,67.0
284.0,208.0,0.0,0.0025,101.0,1065.7628888760817,75,208,284,285.0,960.0,67.0
256.0,216.0,0.0,0.0025,150.0,1096.7935958471485,75,216,256,285.0,960.0,67.0
260.0,216.0,0.0,0.0025,319.0,1161.3118502058658,75,216,260,285.0,960.0,67.0
264.0,216.0,0.0,0.0025,754.0,1244.83083119962,75,216,264,285.0,960.0,67.0
268.0,216.0,0.0,0.0025,580.0,1218.1043382688704,75,216,268,285.0,960.0,67.0
272.0,216.0,0.0,0.0025,222.0,1129.39150702859,75,216,272,285.0,960.0,67.0
264.0,224.0,0.0,0.0025,142.0,1092.3859507185814,75,224,264,285.0,960.0,67.0
268.0,224.0,0.0,0.0025,127.0,1083.5167871222163,75,224,268,285.0,960.0,67.0
264.0,176.0,0.0,0.0033333333333333335,197.0,1119.2535203443717,100,176,264,285.0,960.0,67.0
268.0,176.0,0.0,0.0033333333333333335,104.0,1067.998969485603,100,176,268,285.0,960.0,67.0
248.0,184.0,0.0,0.0033333333333333335,120.0,1079.0676595659613,100,184,248,285.0,960.0,67.0
252.0,184.0,0.0,0.0033333333333333335,135.0,1088.3519085915575,100,184,252,285.0,960.0,67.0
256.0,184.0,0.0,0.0033333333333333335,148.0,1095.7108335266212,100,184,256,285.0,960.0,67.0
260.0,184.0,0.0,0.0033333333333333335,125.0,1082.267437985978,100,184,260,285.0,960.0,67.0
264.0,184.0,0.0,0.0033333333333333335,431.0,1189.2169627747014,100,184,264,285.0,960.0,67.0
268.0,184.0,0.0,0.0033333333333333335,128.0,1084.1351696996758,100,184,268,285.0,960.0,67.0
248.0,192.0,0.0,0.0033333333333333335,115.0,1075.751792144178,100,192,248,285.0,960.0,67.0
252.0,192.0,0.0,0.0033333333333333335,212.0,1125.458692121164,100,192,252,285.0,960.0,67.0
256.0,192.0,0.0,0.0033333333333333335,276.0,1148.3480257064807,100,192,256,285.0,960.0,67.0
260.0,192.0,0.0,0.0033333333333333335,287.0,1151.818486400773,100,192,260,285.0,960.0,67.0
264.0,192.0,0.0,0.0033333333333333335,879.0,1261.0111940141228,100,192,264,285.0,960.0,67.0
268.0,192.0,0.0,0.0033333333333333335,199.0,1120.1035878577889,100,192,268,285.0,960.0,67.0
272.0,192.0,0.0,0.0033333333333333335,124.0,1081.6363458691983,100,192,272,285.0,960.0,67.0
248.0,200.0,0.0,0.0033333333333333335,187.0,1114.8898573358474,100,200,248,285.0,960.0,67.0
252.0,200.0,0.0,0.0033333333333333335,188.0,1115.335029051341,100,200,252,285.0,960.0,67.0
256.0,200.0,0.0,0.0033333333333333335,289.0,1152.4373649955749,100,200,256,285.0,960.0,67.0
260.0,200.0,0.0,0.0033333333333333335,444.0,1192.0459223791174,100,200,260,285.0,960.0,67.0
264.0,200.0,0.0,0.0033333333333333335,1143.0,1289.7222948812898,100,200,264,285.0,960.0,67.0
268.0,200.0,0.0,0.0033333333333333335,341.0,1167.3823923344173,100,200,268,285.0,960.0,67.0
272.0,200.0,0.0,0.0033333333333333335,172.0,1107.95689149227,100,200,272,285.0,960.0,67.0
248.0,208.0,0.0,0.0033333333333333335,132.0,1086.568153848815,100,208,248,285.0,960.0,67.0
252.0,208.0,0.0,0.0033333333333333335,166.0,1105.0388773363795,100,208,252,285.0,960.0,67.0
256.0,208.0,0.0,0.0033333333333333335,307.0,1157.8502678387476,100,208,256,285.0,960.0,67.0
260.0,208.0,0.0,0.0033333333333333335,491.0,1201.7259861358154,100,208,260,285.0,960.0,67.0
264.0,208.0,0.0,0.0033333333333333335,1555.0,1325.1044722919885,100,208,264,285.0,960.0,67.0
268.0,208.0,0.0,0.0033333333333333335,606.0,1222.490743457559,100,208,268,285.0,960.0,67.0
272.0,208.0,0.0,0.0033333333333333335,269.0,1146.0781789049004,100,208,272,285.0,960.0,67.0
276.0,208.0,0.0,0.0033333333333333335,160.0,1102.0296438104958,100,208,276,285.0,960.0,67.0
280.0,208.0,0.0,0.0033333333333333335,112.0,1073.7026007119105,100,208,280,285.0,960.0,67.0
248.0,216.0,0.0,0.0033333333333333335,113.0,1074.3908276501156,100,216,248,285.0,960.0,67.0
252.0,216.0,0.0,0.0033333333333333335,135.0,1088.3519085915575,100,216,252,285.0,960.0,67.0
256.0,216.0,0.0,0.0033333333333333335,294.0,1153.9688788816413,100,216,256,285.0,960.0,67.0
260.0,216.0,0.0,0.0033333333333333335,575.0,1217.242032700225,100,216,260,285.0,960.0,67.0
264.0,216.0,0.0,0.0033333333333333335,2533.0,1385.4193245482295,100,216,264,285.0,960.0,67.0
268.0,216.0,0.0,0.0033333333333333335,1031.0,1278.2920641352675,100,216,268,285.0,960.0,67.0
272.0,216.0,0.0,0.0033333333333333335,406.0,1183.5690274082456,100,216,272,285.0,960.0,67.0
276.0,216.0,0.0,0.0033333333333333335,209.0,1124.2481615578747,100,216,276,285.0,960.0,67.0
280.0,216.0,0.0,0.0033333333333333335,103.0,1067.2598197945529,100,216,280,285.0,960.0,67.0
252.0,224.0,0.0,0.0033333333333333335,123.0,1081.000889251737,100,224,252,285.0,960.0,67.0
256.0,224.0,0.0,0.0033333333333333335,266.0,1145.0900682546624,100,224,256,285.0,960.0,67.0
260.0,224.0,0.0,0.0033333333333333335,648.0,1229.2554261604125,100,224,260,285.0,960.0,67.0
264.0,224.0,0.0,0.0033333333333333335,4095.0,1450.5594629649443,100,224,264,285.0,960.0,67.0
268.0,224.0,0.0,0.0033333333333333335,1601.0,1328.5577553696698,100,224,268,285.0,960.0,67.0
272.0,224.0,0.0,0.0033333333333333335,482.0,1199.9343629422078,100,224,272,285.0,960.0,67.0
276.0,224.0,0.0,0.0033333333333333335,188.0,1115.335029051341,100,224,276,285.0,960.0,67.0
256.0,232.0,0.0,0.0033333333333333335,267.0,1145.4204810209253,100,232,256,285.0,960.0,67.0
260.0,232.0,0.0,0.0033333333333333335,866.0,1259.420915487033,100,232,260,285.0,960.0,67.0
264.0,232.0,0.0,0.0033333333333333335,4095.0,1450.5594629649443,100,232,264,285.0,960.0,67.0
268.0,232.0,0.0,0.0033333333333333335,2536.0,1385.5724577209887,100,232,268,285.0,960.0,67.0
272.0,232.0,0.0,0.0033333333333333335,361.0,1172.6210814710557,100,232,272,285.0,960.0,67.0
276.0,232.0,0.0,0.0033333333333333335,133.0,1087.1665503707152,100,232,276,285.0,960.0,67.0
252.0,240.0,0.0,0.0033333333333333335,122.0,1080.3610016411455,100,240,252,285.0,960.0,67.0
256.0,240.0,0.0,0.0033333333333333335,240.0,1136.1068266888913,100,240,256,285.0,960.0,67.0
260.0,240.0,0.0,0.0033333333333333335,1106.0,1286.0526808457723,100,240,260,285.0,960.0,67.0
264.0,240.0,0.0,0.0033333333333333335,4095.0,1450.5594629649443,100,240,264,285.0,960.0,67.0
268.0,240.0,0.0,0.0033333333333333335,4095.0,1450.5594629649443,100,240,268,285.0,960.0,67.0
272.0,240.0,0.0,0.0033333333333333335,627.0,1225.9203468379583,100,240,272,285.0,960.0,67.0
276.0,240.0,0.0,0.0033333333333333335,230.0,1132.431006901382,100,240,276,285.0,960.0,67.0
280.0,240.0,0.0,0.0033333333333333335,126.0,1082.8942305721798,100,240,280,285.0,960.0,67.0
252.0,248.0,0.0,0.0033333333333333335,118.0,1077.7557553634545,100,248,252,285.0,960.0,67.0
256.0,248.0,0.0,0.0033333333333333335,252.0,1140.3503194803209,100,248,256,285.0,960.0,67.0
260.0,248.0,0.0,0.0033333333333333335,1229.0,1297.8874914145715,100,248,260,285.0,960.0,67.0
264.0,248.0,0.0,0.0033333333333333335,4095.0,1450.5594629649443,100,248,264,285.0,960.0,67.0
268.0,248.0,0.0,0.0033333333333333335,4095.0,1450.5594629649443,100,248,268,285.0,960.0,67.0
272.0,248.0,0.0,0.0033333333333333335,722.0,1240.3319173434238,100,248,272,285.0,960.0,67.0
276.0,248.0,0.0,0.0033333333333333335,360.0,1172.3650260187972,100,248,276,285.0,960.0,67.0
280.0,248.0,0.0,0.0033333333333333335,168.0,1106.0213831594526,100,248,280,285.0,960.0,67.0
260.0,256.0,0.0,0.0033333333333333335,183.0,1113.0886837887156,100,256,260,285.0,960.0,67.0
264.0,256.0,0.0,0.0033333333333333335,387.0,1179.077701228887,100,256,264,285.0,960.0,67.0
268.0,256.0,0.0,0.0033333333333333335,338.0,1166.574389641719,100,256,268,285.0,960.0,67.0
272.0,256.0,0.0,0.0033333333333333335,179.0,1111.253718834256,100,256,272,285.0,960.0,67.0
264.0,208.0,0.0,0.004166666666666667,126.0,1082.8942305721798,125,208,264,285.0,960.0,67.0
264.0,216.0,0.0,0.004166666666666667,211.0,1125.0568062873285,125,216,264,285.0,960.0,67.0
252.0,224.0,0.0,0.004166666666666667,123.0,1081.000889251737,125,224,252,285.0,960.0,67.0
256.0,224.0,0.0,0.004166666666666667,104.0,1067.998969485603,125,224,256,285.0,960.0,67.0
260.0,224.0,0.0,0.004166666666666667,107.0,1070.1804722621068,125,224,260,285.0,960.0,67.0
264.0,224.0,0.0,0.004166666666666667,609.0,1222.9867008922365,125,224,264,285.0,960.0,67.0
268.0,224.0,0.0,0.004166666666666667,180.0,1111.7157042021142,125,224,268,285.0,960.0,67.0
252.0,232.0,0.0,0.004166666666666667,116.0,1076.4246970775782,125,232,252,285.0,960.0,67.0
256.0,232.0,0.0,0.004166666666666667,135.0,1088.3519085915575,125,232,256,285.0,960.0,67.0
260.0,232.0,0.0,0.004166666666666667,198.0,1119.6794657179234,125,232,260,285.0,960.0,67.0
264.0,232.0,0.0,0.004166666666666667,1001.0,1275.0567062956384,125,232,264,285.0,960.0,67.0
268.0,232.0,0.0,0.004166666666666667,322.0,1162.160053719117,125,232,268,285.0,960.0,67.0
272.0,232.0,0.0,0.004166666666666667,139.0,1090.6783357202166,125,232,272,285.0,960.0,67.0
248.0,240.0,0.0,0.004166666666666667,111.0,1073.0090954733719,125,240,248,285.0,960.0,67.0
252.0,240.0,0.0,0.004166666666666667,147.0,1095.164766468028,125,240,252,285.0,960.0,67.0
256.0,240.0,0.0,0.004166666666666667,187.0,1114.8898573358474,125,240,256,285.0,960.0,67.0
260.0,240.0,0.0,0.004166666666666667,239.0,1135.7451469905807,125,240,260,285.0,960.0,67.0
264.0,240.0,0.0,0.004166666666666667,1235.0,1298.439395762795,125,240,264,285.0,960.0,67.0
268.0,240.0,0.0,0.004166666666666667,471.0,1197.7061273497054,125,240,268,285.0,960.0,67.0
272.0,240.0,0.0,0.004166666666666667,188.0,1115.335029051341,125,240,272,285.0,960.0,67.0
276.0,240.0,0.0,0.004166666666666667,132.0,1086.568153848815,125,240,276,285.0,960.0,67.0
252.0,248.0,0.0,0.004166666666666667,178.0,1110.789533126571,125,248,252,285.0,960.0,67.0
256.0,248.0,0.0,0.004166666666666667,240.0,1136.1068266888913,125,248,256,285.0,960.0,67.0
260.0,248.0,0.0,0.004166666666666667,342.0,1167.6503955359974,125,248,260,285.0,960.0,67.0
264.0,248.0,0.0,0.004166666666666667,1669.0,1333.5167642565914,125,248,264,285.0,960.0,67.0
268.0,248.0,0.0,0.004166666666666667,709.0,1238.4567260409162,125,248,268,285.0,960.0,67.0
272.0,248.0,0.0,0.004166666666666667,246.0,1138.2504851650465,125,248,272,285.0,960.0,67.0
276.0,248.0,0.0,0.004166666666666667,120.0,1079.0676595659613,125,248,276,285.0,960.0,67.0
252.0,256.0,0.0,0.004166666666666667,162.0,1103.0432433846815,125,256,252,285.0,960.0,67.0
256.0,256.0,0.0,0.004166666666666667,323.0,1162.4413072359828,125,256,256,285.0,960.0,67.0
260.0,256.0,0.0,0.004166666666666667,521.0,1207.5058647340657,125,256,260,285.0,960.0,67.0
264.0,256.0,0.0,0.004166666666666667,2926.0,1404.337766002195,125,256,264,285.0,960.0,67.0
268.0,256.0,0.0,0.004166666666666667,909.0,1264.6079636168904,125,256,268,285.0,960.0,67.0
272.0,256.0,0.0,0.004166666666666667,303.0,1156.671017425031,125,256,272,285.0,960.0,67.0
276.0,256.0,0.0,0.004166666666666667,147.0,1095.164766468028,125,256,276,285.0,960.0,67.0
252.0,264.0,0.0,0.004166666666666667,107.0,1070.1804722621068,125,264,252,285.0,960.0,67.0
256.0,264.0,0.0,0.004166666666666667,408.0,1184.0314575790512,125,264,256,285.0,960.0,67.0
260.0,264.0,0.0,0.004166666666666667,872.0,1260.157332290253,125,264,260,285.0,960.0,67.0
264.0,264.0,0.0,0.004166666666666667,4095.0,1450.5594629649443,125,264,264,285.0,960.0,67.0
268.0,264.0,0.0,0.004166666666666667,1490.0,1320.0792997824217,125,264,268,285.0,960.0,67.0
272.0,264.0,0.0,0.004166666666666667,378.0,1176.8851873040137,125,264,272,285.0,960.0,67.0
276.0,264.0,0.0,0.004166666666666667,134.0,1087.7611175615493,125,264,276,285.0,960.0,67.0
256.0,272.0,0.0,0.004166666666666667,279.0,1149.3059446096609,125,272,256,285.0,960.0,67.0
260.0,272.0,0.0,0.004166666666666667,1065.0,1281.8660743577636,125,272,260,285.0,960.0,67.0
264.0,272.0,0.0,0.004166666666666667,4095.0,1450.5594629649443,125,272,264,285.0,960.0,67.0
268.0,272.0,0.0,0.004166666666666667,2117.0,1362.6026078088491,125,272,268,285.0,960.0,67.0
272.0,272.0,0.0,0.004166666666666667,344.0,1168.1844270288389,125,272,272,285.0,960.0,67.0
276.0,272.0,0.0,0.004166666666666667,125.0,1082.267437985978,125,272,276,285.0,960.0,67.0
252.0,280.0,0.0,0.004166666666666667,147.0,1095.164766468028,125,280,252,285.0,960.0,67.0
256.0,280.0,0.0,0.004166666666666667,301.0,1156.076456669172,125,280,256,285.0,960.0,67.0
260.0,280.0,0.0,0.004166666666666667,2151.0,1364.5978703875871,125,280,260,285.0,960.0,67.0
264.0,280.0,0.0,0.004166666666666667,4095.0,1450.5594629649443,125,280,264,285.0,960.0,67.0
268.0,280.0,0.0,0.004166666666666667,4095.0,1450.5594629649443,125,280,268,285.0,960.0,67.0
272.0,280.0,0.0,0.004166666666666667,732.0,1241.755347218532,125,280,272,285.0,960.0,67.0
276.0,280.0,0.0,0.004166666666666667,312.0,1159.3062300400234,125,280,276,285.0,960.0,67.0
280.0,280.0,0.0,0.004166666666666667,150.0,1096.7935958471485,125,280,280,285.0,960.0,67.0
252.0,288.0,0.0,0.004166666666666667,129.0,1084.749438980484,125,288,252,285.0,960.0,67.0
256.0,288.0,0.0,0.004166666666666667,211.0,1125.0568062873285,125,288,256,285.0,960.0,67.0
260.0,288.0,0.0,0.004166666666666667,767.0,1246.6132561890656,125,288,260,285.0,960.0,67.0
264.0,288.0,0.0,0.004166666666666667,4095.0,1450.5594629649443,125,288,264,285.0,960.0,67.0
268.0,288.0,0.0,0.004166666666666667,1221.0,1297.148157602847,125,288,268,285.0,960.0,67.0
272.0,288.0,0.0,0.004166666666666667,486.0,1200.734070621237,125,288,272,285.0,960.0,67.0
276.0,288.0,0.0,0.004166666666666667,275.0,1148.0267632306009,125,288,276,285.0,960.0,67.0
280.0,288.0,0.0,0.004166666666666667,160.0,1102.0296438104958,125,288,280,285.0,960.0,67.0
260.0,296.0,0.0,0.004166666666666667,144.0,1093.5073400847941,125,296,260,285.0,960.0,67.0
264.0,296.0,0.0,0.004166666666666667,260.0,1143.0852318752368,125,296,264,285.0,960.0,67.0
268.0,296.0,0.0,0.004166666666666667,220.0,1128.6171395240606,125,296,268,285.0,960.0,67.0
272.0,296.0,0.0,0.004166666666666667,124.0,1081.6363458691983,125,296,272,285.0,960.0,67.0
264.0,248.0,0.0,0.005,150.0,1096.7935958471485,150,248,264,285.0,960.0,67.0
264.0,256.0,0.0,0.005,237.0,1135.0179249157677,150,256,264,285.0,960.0,67.0
260.0,264.0,0.0,0.005,116.0,1076.4246970775782,150,264,260,285.0,960.0,67.0
264.0,264.0,0.0,0.005,823.0,1254.0156991853014,150,264,264,285.0,960.0,67.0
268.0,264.0,0.0,0.005,156.0,1099.9696365472435,150,264,268,285.0,960.0,67.0
260.0,272.0,0.0,0.005,159.0,1101.518791086559,150,272,260,285.0,960.0,67.0
264.0,272.0,0.0,0.005,1015.0,1276.5763736363758,150,272,264,285.0,960.0,67.0
268.0,272.0,0.0,0.005,322.0,1162.160053719117,150,272,268,285.0,960.0,67.0
272.0,272.0,0.0,0.005,125.0,1082.267437985978,150,272,272,285.0,960.0,67.0
252.0,280.0,0.0,0.005,105.0,1068.7320569802655,150,280,252,285.0,960.0,67.0
256.0,280.0,0.0,0.005,134.0,1087.7611175615493,150,280,256,285.0,960.0,67.0
260.0,280.0,0.0,0.005,246.0,1138.2504851650465,150,280,260,285.0,960.0,67.0
264.0,280.0,0.0,0.005,1335.0,1307.3278216912468,150,280,264,285.0,960.0,67.0
268.0,280.0,0.0,0.005,476.0,1198.7243100420383,150,280,268,285.0,960.0,67.0
272.0,280.0,0.0,0.005,221.0,1129.0050661497055,150,280,272,285.0,960.0,67.0
276.0,280.0,0.0,0.005,148.0,1095.7108335266212,150,280,276,285.0,960.0,67.0
280.0,280.0,0.0,0.005,116.0,1076.4246970775782,150,280,280,285.0,960.0,67.0
248.0,288.0,0.0,0.005,125.0,1082.267437985978,150,288,248,285.0,960.0,67.0
252.0,288.0,0.0,0.005,162.0,1103.0432433846815,150,288,252,285.0,960.0,67.0
256.0,288.0,0.0,0.005,278.0,1148.9876098429359,150,288,256,285.0,960.0,67.0
260.0,288.0,0.0,0.005,501.0,1203.684695211148,150,288,260,285.0,960.0,67.0
264.0,288.0,0.0,0.005,1902.0,1349.3440625612038,150,288,264,285.0,960.0,67.0
268.0,288.0,0.0,0.005,654.0,1230.1917405695922,150,288,268,285.0,960.0,67.0
272.0,288.0,0.0,0.005,283.0,1150.5697181273208,150,288,272,285.0,960.0,67.0
276.0,288.0,0.0,0.005,155.0,1099.4476092988436,150,288,276,285.0,960.0,67.0
252.0,296.0,0.0,0.005,210.0,1124.653300897539,150,296,252,285.0,960.0,67.0
256.0,296.0,0.0,0.005,402.0,1182.638394539673,150,296,256,285.0,960.0,67.0
260.0,296.0,0.0,0.005,790.0,1249.7061730123637,150,296,260,285.0,960.0,67.0
264.0,296.0,0.0,0.005,3573.0,1431.4350015047285,150,296,264,285.0,960.0,67.0
268.0,296.0,0.0,0.005,887.0,1261.9801608344403,150,296,268,285.0,960.0,67.0
272.0,296.0,0.0,0.005,246.0,1138.2504851650465,150,296,272,285.0,960.0,67.0
252.0,304.0,0.0,0.005,166.0,1105.0388773363795,150,304,252,285.0,960.0,67.0
256.0,304.0,0.0,0.005,380.0,1177.3761780280881,150,304,256,285.0,960.0,67.0
260.0,304.0,0.0,0.005,1021.0,1277.2223597820698,150,304,260,285.0,960.0,67.0
264.0,304.0,0.0,0.005,4095.0,1450.5594629649443,150,304,264,285.0,960.0,67.0
268.0,304.0,0.0,0.005,1248.0,1299.6276570313855,150,304,268,285.0,960.0,67.0
272.0,304.0,0.0,0.005,250.0,1139.6551226677016,150,304,272,285.0,960.0,67.0
276.0,304.0,0.0,0.005,105.0,1068.7320569802655,150,304,276,285.0,960.0,67.0
252.0,312.0,0.0,0.005,128.0,1084.1351696996758,150,312,252,285.0,960.0,67.0
256.0,312.0,0.0,0.005,339.0,1166.8443930308977,150,312,256,285.0,960.0,67.0
260.0,312.0,0.0,0.005,1455.0,1317.298566800337,150,312,260,285.0,960.0,67.0
264.0,312.0,0.0,0.005,4095.0,1450.5594629649443,150,312,264,285.0,960.0,67.0
268.0,312.0,0.0,0.005,2165.0,1365.4120061373012,150,312,268,285.0,960.0,67.0
272.0,312.0,0.0,0.005,338.0,1166.574389641719,150,312,272,285.0,960.0,67.0
276.0,312.0,0.0,0.005,149.0,1096.2537635978442,150,312,276,285.0,960.0,67.0
252.0,320.0,0.0,0.005,158.0,1101.0051940565802,150,320,252,285.0,960.0,67.0
256.0,320.0,0.0,0.005,357.0,1171.593249911274,150,320,256,285.0,960.0,67.0
260.0,320.0,0.0,0.005,2603.0,1388.9548488771416,150,320,260,285.0,960.0,67.0
264.0,320.0,0.0,0.005,4095.0,1450.5594629649443,150,320,264,285.0,960.0,67.0
268.0,320.0,0.0,0.005,4095.0,1450.5594629649443,150,320,268,285.0,960.0,67.0
272.0,320.0,0.0,0.005,713.0,1239.0367345955153,150,320,272,285.0,960.0,67.0
276.0,320.0,0.0,0.005,294.0,1153.9688788816413,150,320,276,285.0,960.0,67.0
280.0,320.0,0.0,0.005,152.0,1097.8641198244743,150,320,280,285.0,960.0,67.0
284.0,320.0,0.0,0.005,108.0,1070.8960063436866,150,320,284,285.0,960.0,67.0
252.0,328.0,0.0,0.005,104.0,1067.998969485603,150,328,252,285.0,960.0,67.0
256.0,328.0,0.0,0.005,177.0,1110.3231239806616,150,328,256,285.0,960.0,67.0
260.0,328.0,0.0,0.005,426.0,1188.109802351742,150,328,260,285.0,960.0,67.0
264.0,328.0,0.0,0.005,1027.0,1277.8652157803767,150,328,264,285.0,960.0,67.0
268.0,328.0,0.0,0.005,599.0,1221.3254899841334,150,328,268,285.0,960.0,67.0
272.0,328.0,0.0,0.005,368.0,1174.3969380199767,150,328,272,285.0,960.0,67.0
276.0,328.0,0.0,0.005,187.0,1114.8898573358474,150,328,276,285.0,960.0,67.0
280.0,328.0,0.0,0.005,112.0,1073.7026007119105,150,328,280,285.0,960.0,67.0
260.0,336.0,0.0,0.005,118.0,1077.7557553634545,150,336,260,285.0,960.0,67.0
264.0,336.0,0.0,0.005,182.0,1112.6331644835116,150,336,264,285.0,960.0,67.0
268.0,336.0,0.0,0.005,153.0,1098.394886222793,150,336,268,285.0,960.0,67.0
264.0,280.0,0.0,0.005833333333333334,141.0,1091.820194839102,175,280,264,285.0,960.0,67.0
240.0,288.0,0.0,0.005833333333333334,107.0,1070.1804722621068,175,288,240,285.0,960.0,67.0
244.0,288.0,0.0,0.005833333333333334,123.0,1081.000889251737,175,288,244,285.0,960.0,67.0
248.0,288.0,0.0,0.005833333333333334,125.0,1082.267437985978,175,288,248,285.0,960.0,67.0
252.0,288.0,0.0,0.005833333333333334,102.0,1066.514497451543,175,288,252,285.0,960.0,67.0
264.0,288.0,0.0,0.005833333333333334,191.0,1116.6585744238967,175,288,264,285.0,960.0,67.0
240.0,296.0,0.0,0.005833333333333334,132.0,1086.568153848815,175,296,240,285.0,960.0,67.0
244.0,296.0,0.0,0.005833333333333334,164.0,1104.0462412774896,175,296,244,285.0,960.0,67.0
248.0,296.0,0.0,0.005833333333333334,174.0,1108.9103192501043,175,296,248,285.0,960.0,67.0
252.0,296.0,0.0,0.005833333333333334,155.0,1099.4476092988436,175,296,252,285.0,960.0,67.0
256.0,296.0,0.0,0.005833333333333334,117.0,1077.0926586091684,175,296,256,285.0,960.0,67.0
260.0,296.0,0.0,0.005833333333333334,116.0,1076.4246970775782,175,296,260,285.0,960.0,67.0
264.0,296.0,0.0,0.005833333333333334,396.0,1181.2277451118634,175,296,264,285.0,960.0,67.0
268.0,296.0,0.0,0.005833333333333334,107.0,1070.1804722621068,175,296,268,285.0,960.0,67.0
240.0,304.0,0.0,0.005833333333333334,111.0,1073.0090954733719,175,304,240,285.0,960.0,67.0
244.0,304.0,0.0,0.005833333333333334,189.0,1115.7781926842745,175,304,244,285.0,960.0,67.0
248.0,304.0,0.0,0.005833333333333334,246.0,1138.2504851650465,175,304,248,285.0,960.0,67.0
252.0,304.0,0.0,0.005833333333333334,233.0,1133.5477440065092,175,304,252,285.0,960.0,67.0
256.0,304.0,0.0,0.005833333333333334,218.0,1127.8367784655707,175,304,256,285.0,960.0,67.0
260.0,304.0,0.0,0.005833333333333334,213.0,1125.8589725986776,175,304,260,285.0,960.0,67.0
264.0,304.0,0.0,0.005833333333333334,871.0,1260.034888527036,175,304,264,285.0,960.0,67.0
268.0,304.0,0.0,0.005833333333333334,156.0,1099.9696365472435,175,304,268,285.0,960.0,67.0
244.0,312.0,0.0,0.005833333333333334,141.0,1091.820194839102,175,312,244,285.0,960.0,67.0
248.0,312.0,0.0,0.005833333333333334,254.0,1141.0408615878196,175,312,248,285.0,960.0,67.0
252.0,312.0,0.0,0.005833333333333334,316.0,1160.4568912216216,175,312,252,285.0,960.0,67.0
256.0,312.0,0.0,0.005833333333333334,314.0,1159.8831065501852,175,312,256,285.0,960.0,67.0
260.0,312.0,0.0,0.005833333333333334,344.0,1168.1844270288389,175,312,260,285.0,960.0,67.0
264.0,312.0,0.0,0.005833333333333334,1130.0,1288.4442873142152,175,312,264,285.0,960.0,67.0
268.0,312.0,0.0,0.005833333333333334,258.0,1142.4082520643506,175,312,268,285.0,960.0,67.0
272.0,312.0,0.0,0.005833333333333334,115.0,1075.751792144178,175,312,272,285.0,960.0,67.0
244.0,320.0,0.0,0.005833333333333334,113.0,1074.3908276501156,175,320,244,285.0,960.0,67.0
248.0,320.0,0.0,0.005833333333333334,214.0,1126.2576617287355,175,320,248,285.0,960.0,67.0
252.0,320.0,0.0,0.005833333333333334,314.0,1159.8831065501852,175,320,252,285.0,960.0,67.0
256.0,320.0,0.0,0.005833333333333334,381.0,1177.620858655694,175,320,256,285.0,960.0,67.0
260.0,320.0,0.0,0.005833333333333334,568.0,1216.0242186270711,175,320,260,285.0,960.0,67.0
264.0,320.0,0.0,0.005833333333333334,1581.0,1327.0664438299389,175,320,264,285.0,960.0,67.0
268.0,320.0,0.0,0.005833333333333334,403.0,1182.8717798532507,175,320,268,285.0,960.0,67.0
272.0,320.0,0.0,0.005833333333333334,205.0,1122.6109698176267,175,320,272,285.0,960.0,67.0
248.0,328.0,0.0,0.005833333333333334,170.0,1106.9939824738008,175,328,248,285.0,960.0,67.0
252.0,328.0,0.0,0.005833333333333334,336.0,1166.0323569381837,175,328,252,285.0,960.0,67.0
256.0,328.0,0.0,0.005833333333333334,495.0,1202.5134440415165,175,328,256,285.0,960.0,67.0
260.0,328.0,0.0,0.005833333333333334,739.0,1242.7421530055951,175,328,260,285.0,960.0,67.0
264.0,328.0,0.0,0.005833333333333334,2618.0,1389.7024413598467,175,328,264,285.0,960.0,67.0
268.0,328.0,0.0,0.005833333333333334,650.0,1229.5683310848535,175,328,268,285.0,960.0,67.0
272.0,328.0,0.0,0.005833333333333334,290.0,1152.74544857703,175,328,272,285.0,960.0,67.0
276.0,328.0,0.0,0.005833333333333334,132.0,1086.568153848815,175,328,276,285.0,960.0,67.0
252.0,336.0,0.0,0.005833333333333334,265.0,1144.7586032046447,175,336,252,285.0,960.0,67.0
256.0,336.0,0.0,0.005833333333333334,549.0,1212.6543226818296,175,336,256,285.0,960.0,67.0
260.0,336.0,0.0,0.005833333333333334,1195.0,1294.7174448877713,175,336,260,285.0,960.0,67.0
264.0,336.0,0.0,0.005833333333333334,4095.0,1450.5594629649443,175,336,264,285.0,960.0,67.0
268.0,336.0,0.0,0.005833333333333334,859.0,1258.5563957616844,175,336,268,285.0,960.0,67.0
272.0,336.0,0.0,0.005833333333333334,315.0,1160.1703830830463,175,336,272,285.0,960.0,67.0
276.0,336.0,0.0,0.005833333333333334,148.0,1095.7108335266212,175,336,276,285.0,960.0,67.0
252.0,344.0,0.0,0.005833333333333334,163.0,1103.546052352859,175,344,252,285.0,960.0,67.0
256.0,344.0,0.0,0.005833333333333334,549.0,1212.6543226818296,175,344,256,285.0,960.0,67.0
260.0,344.0,0.0,0.005833333333333334,1819.0,1343.8972979064547,175,344,260,285.0,960.0,67.0
264.0,344.0,0.0,0.005833333333333334,4095.0,1450.5594629649443,175,344,264,285.0,960.0,67.0
268.0,344.0,0.0,0.005833333333333334,1034.0,1278.6113032015837,175,344,268,285.0,960.0,67.0
272.0,344.0,0.0,0.005833333333333334,288.0,1152.1283795475254,175,344,272,285.0,960.0,67.0
276.0,344.0,0.0,0.005833333333333334,134.0,1087.7611175615493,175,344,276,285.0,960.0,67.0
252.0,352.0,0.0,0.005833333333333334,146.0,1094.6155224895754,175,352,252,285.0,960.0,67.0
256.0,352.0,0.0,0.005833333333333334,456.0,1194.5962340754154,175,352,256,285.0,960.0,67.0
260.0,352.0,0.0,0.005833333333333334,4095.0,1450.5594629649443,175,352,260,285.0,960.0,67.0
264.0,352.0,0.0,0.005833333333333334,4095.0,1450.5594629649443,175,352,264,285.0,960.0,67.0
268.0,352.0,0.0,0.005833333333333334,1928.0,1351.0103987736763,175,352,268,285.0,960.0,67.0
272.0,352.0,0.0,0.005833333333333334,405.0,1183.3370940635862,175,352,272,285.0,960.0,67.0
276.0,352.0,0.0,0.005833333333333334,153.0,1098.394886222793,175,352,276,285.0,960.0,67.0
280.0,352.0,0.0,0.005833333333333334,107.0,1070.1804722621068,175,352,280,285.0,960.0,67.0
248.0,360.0,0.0,0.005833333333333334,104.0,1067.998969485603,175,360,248,285.0,960.0,67.0
252.0,360.0,0.0,0.005833333333333334,170.0,1106.9939824738008,175,360,252,285.0,960.0,67.0
256.0,360.0,0.0,0.005833333333333334,377.0,1176.638871867399,175,360,256,285.0,960.0,67.0
260.0,360.0,0.0,0.005833333333333334,4095.0,1450.5594629649443,175,360,260,285.0,960.0,67.0
264.0,360.0,0.0,0.005833333333333334,4095.0,1450.5594629649443,175,360,264,285.0,960.0,67.0
268.0,360.0,0.0,0.005833333333333334,2403.0,1378.6380685597724,175,360,268,285.0,960.0,67.0
272.0,360.0,0.0,0.005833333333333334,673.0,1233.1102407018557,175,360,272,285.0,960.0,67.0
276.0,360.0,0.0,0.005833333333333334,311.0,1159.0166208270755,175,360,276,285.0,960.0,67.0
280.0,360.0,0.0,0.005833333333333334,133.0,1087.1665503707152,175,360,280,285.0,960.0,67.0
284.0,360.0,0.0,0.005833333333333334,107.0,1070.1804722621068,175,360,284,285.0,960.0,67.0
256.0,368.0,0.0,0.005833333333333334,112.0,1073.7026007119105,175,368,256,285.0,960.0,67.0
260.0,368.0,0.0,0.005833333333333334,368.0,1174.3969380199767,175,368,260,285.0,960.0,67.0
264.0,368.0,0.0,0.005833333333333334,575.0,1217.242032700225,175,368,264,285.0,960.0,67.0
268.0,368.0,0.0,0.005833333333333334,362.0,1172.8765404542144,175,368,268,285.0,960.0,67.0
272.0,368.0,0.0,0.005833333333333334,237.0,1135.0179249157677,175,368,272,285.0,960.0,67.0
276.0,368.0,0.0,0.005833333333333334,143.0,1092.9483177711356,175,368,276,285.0,960.0,67.0
260.0,376.0,0.0,0.005833333333333334,125.0,1082.267437985978,175,376,260,285.0,960.0,67.0
264.0,376.0,0.0,0.005833333333333334,152.0,1097.8641198244743,175,376,264,285.0,960.0,67.0
268.0,376.0,0.0,0.005833333333333334,121.0,1079.7166149741097,175,376,268,285.0,960.0,67.0
252.0,312.0,0.0,0.006666666666666667,107.0,1070.1804722621068,200,312,252,285.0,960.0,67.0
264.0,312.0,0.0,0.006666666666666667,111.0,1073.0090954733719,200,312,264,285.0,960.0,67.0
248.0,320.0,0.0,0.006666666666666667,116.0,1076.4246970775782,200,320,248,285.0,960.0,67.0
252.0,320.0,0.0,0.006666666666666667,161.0,1102.5377841312813,200,320,252,285.0,960.0,67.0
256.0,320.0,0.0,0.006666666666666667,145.0,1094.0630608713254,200,320,256,285.0,960.0,67.0
248.0,328.0,0.0,0.006666666666666667,137.0,1089.522369246041,200,328,248,285.0,960.0,67.0
252.0,328.0,0.0,0.006666666666666667,217.0,1127.4443183331066,200,328,252,285.0,960.0,67.0
256.0,328.0,0.0,0.006666666666666667,177.0,1110.3231239806616,200,328,256,285.0,960.0,67.0
264.0,328.0,0.0,0.006666666666666667,234.0,1133.9172823364986,200,328,264,285.0,960.0,67.0
272.0,328.0,0.0,0.006666666666666667,102.0,1066.514497451543,200,328,272,285.0,960.0,67.0
248.0,336.0,0.0,0.006666666666666667,136.0,1088.9389755037753,200,336,248,285.0,960.0,67.0
252.0,336.0,0.0,0.006666666666666667,198.0,1119.6794657179234,200,336,252,285.0,960.0,67.0
256.0,336.0,0.0,0.006666666666666667,179.0,1111.253718834256,200,336,256,285.0,960.0,67.0
260.0,336.0,0.0,0.006666666666666667,160.0,1102.0296438104958,200,336,260,285.0,960.0,67.0
264.0,336.0,0.0,0.006666666666666667,444.0,1192.0459223791174,200,336,264,285.0,960.0,67.0
268.0,336.0,0.0,0.006666666666666667,111.0,1073.0090954733719,200,336,268,285.0,960.0,67.0
248.0,344.0,0.0,0.006666666666666667,132.0,1086.568153848815,200,344,248,285.0,960.0,67.0
252.0,344.0,0.0,0.006666666666666667,234.0,1133.9172823364986,200,344,252,285.0,960.0,67.0
256.0,344.0,0.0,0.006666666666666667,233.0,1133.5477440065092,200,344,256,285.0,960.0,67.0
260.0,344.0,0.0,0.006666666666666667,299.0,1155.4785512293984,200,344,260,285.0,960.0,67.0
264.0,344.0,0.0,0.006666666666666667,875.0,1260.523966345394,200,344,264,285.0,960.0,67.0
268.0,344.0,0.0,0.006666666666666667,168.0,1106.0213831594526,200,344,268,285.0,960.0,67.0
272.0,344.0,0.0,0.006666666666666667,119.0,1078.4140640581338,200,344,272,285.0,960.0,67.0
252.0,352.0,0.0,0.006666666666666667,213.0,1125.8589725986776,200,352,252,285.0,960.0,67.0
256.0,352.0,0.0,0.006666666666666667,304.0,1156.9670563673171,200,352,256,285.0,960.0,67.0
260.0,352.0,0.0,0.006666666666666667,462.0,1195.8503395406258,200,352,260,285.0,960.0,67.0
264.0,352.0,0.0,0.006666666666666667,1217.0,1296.7769938058136,200,352,264,285.0,960.0,67.0
268.0,352.0,0.0,0.006666666666666667,263.0,1144.0924865749175,200,352,268,285.0,960.0,67.0
272.0,352.0,0.0,0.006666666666666667,128.0,1084.1351696996758,200,352,272,285.0,960.0,67.0
276.0,352.0,0.0,0.006666666666666667,102.0,1066.514497451543,200,352,276,285.0,960.0,67.0
248.0,360.0,0.0,0.006666666666666667,119.0,1078.4140640581338,200,360,248,285.0,960.0,67.0
252.0,360.0,0.0,0.006666666666666667,211.0,1125.0568062873285,200,360,252,285.0,960.0,67.0
256.0,360.0,0.0,0.006666666666666667,362.0,1172.8765404542144,200,360,256,285.0,960.0,67.0
260.0,360.0,0.0,0.006666666666666667,823.0,1254.0156991853014,200,360,260,285.0,960.0,67.0
264.0,360.0,0.0,0.006666666666666667,1869.0,1347.2021484091388,200,360,264,285.0,960.0,67.0
268.0,360.0,0.0,0.006666666666666667,365.0,1173.6393690384577,200,360,268,285.0,960.0,67.0
272.0,360.0,0.0,0.006666666666666667,214.0,1126.2576617287355,200,360,272,285.0,960.0,67.0
276.0,360.0,0.0,0.006666666666666667,112.0,1073.7026007119105,200,360,276,285.0,960.0,67.0
248.0,368.0,0.0,0.006666666666666667,126.0,1082.8942305721798,200,368,248,285.0,960.0,67.0
252.0,368.0,0.0,0.006666666666666667,257.0,1142.068095452822,200,368,252,285.0,960.0,67.0
256.0,368.0,0.0,0.006666666666666667,407.0,1183.800481185062,200,368,256,285.0,960.0,67.0
260.0,368.0,0.0,0.006666666666666667,1129.0,1288.3454776270373,200,368,260,285.0,960.0,67.0
264.0,368.0,0.0,0.006666666666666667,3261.0,1418.9087378729328,200,368,264,285.0,960.0,67.0
268.0,368.0,0.0,0.006666666666666667,606.0,1222.490743457559,200,368,268,285.0,960.0,67.0
272.0,368.0,0.0,0.006666666666666667,324.0,1162.7218273553692,200,368,272,285.0,960.0,67.0
276.0,368.0,0.0,0.006666666666666667,128.0,1084.1351696996758,200,368,276,285.0,960.0,67.0
252.0,376.0,0.0,0.006666666666666667,184.0,1113.542091552476,200,376,252,285.0,960.0,67.0
256.0,376.0,0.0,0.006666666666666667,423.0,1187.440257722099,200,376,256,285.0,960.0,67.0
260.0,376.0,0.0,0.006666666666666667,1794.0,1342.2169960327017,200,376,260,285.0,960.0,67.0
264.0,376.0,0.0,0.006666666666666667,4095.0,1450.5594629649443,200,376,264,285.0,960.0,67.0
268.0,376.0,0.0,0.006666666666666667,747.0,1243.860456260538,200,376,268,285.0,960.0,67.0
272.0,376.0,0.0,0.006666666666666667,283.0,1150.5697181273208,200,376,272,285.0,960.0,67.0
276.0,376.0,0.0,0.006666666666666667,182.0,1112.6331644835116,200,376,276,285.0,960.0,67.0
280.0,376.0,0.0,0.006666666666666667,113.0,1074.3908276501156,200,376,280,285.0,960.0,67.0
252.0,384.0,0.0,0.006666666666666667,137.0,1089.522369246041,200,384,252,285.0,960.0,67.0
256.0,384.0,0.0,0.006666666666666667,395.0,1180.990892438046,200,384,256,285.0,960.0,67.0
260.0,384.0,0.0,0.006666666666666667,2873.0,1401.9108337012883,200,384,260,285.0,960.0,67.0
264.0,384.0,0.0,0.006666666666666667,4095.0,1450.5594629649443,200,384,264,285.0,960.0,67.0
268.0,384.0,0.0,0.006666666666666667,859.0,1258.5563957616844,200,384,268,285.0,960.0,67.0
272.0,384.0,0.0,0.006666666666666667,252.0,1140.3503194803209,200,384,272,285.0,960.0,67.0
276.0,384.0,0.0,0.006666666666666667,122.0,1080.3610016411455,200,384,276,285.0,960.0,67.0
252.0,392.0,0.0,0.006666666666666667,161.0,1102.5377841312813,200,392,252,285.0,960.0,67.0
256.0,392.0,0.0,0.006666666666666667,386.0,1178.8362194630276,200,392,256,285.0,960.0,67.0
260.0,392.0,0.0,0.006666666666666667,4095.0,1450.5594629649443,200,392,260,285.0,960.0,67.0
264.0,392.0,0.0,0.006666666666666667,4095.0,1450.5594629649443,200,392,264,285.0,960.0,67.0
268.0,392.0,0.0,0.006666666666666667,2810.0,1398.9785913158753,200,392,268,285.0,960.0,67.0
272.0,392.0,0.0,0.006666666666666667,471.0,1197.7061273497054,200,392,272,285.0,960.0,67.0
276.0,392.0,0.0,0.006666666666666667,166.0,1105.0388773363795,200,392,276,285.0,960.0,67.0
280.0,392.0,0.0,0.006666666666666667,111.0,1073.0090954733719,200,392,280,285.0,960.0,67.0
248.0,400.0,0.0,0.006666666666666667,104.0,1067.998969485603,200,400,248,285.0,960.0,67.0
252.0,400.0,0.0,0.006666666666666667,146.0,1094.6155224895754,200,400,252,285.0,960.0,67.0
256.0,400.0,0.0,0.006666666666666667,294.0,1153.9688788816413,200,400,256,285.0,960.0,67.0
260.0,400.0,0.0,0.006666666666666667,2200.0,1367.428792936879,200,400,260,285.0,960.0,67.0
264.0,400.0,0.0,0.006666666666666667,4095.0,1450.5594629649443,200,400,264,285.0,960.0,67.0
268.0,400.0,0.0,0.006666666666666667,1278.0,1302.331399930229,200,400,268,285.0,960.0,67.0
272.0,400.0,0.0,0.006666666666666667,581.0,1218.2760537042582,200,400,272,285.0,960.0,67.0
276.0,400.0,0.0,0.006666666666666667,247.0,1138.60344732419,200,400,276,285.0,960.0,67.0
280.0,400.0,0.0,0.006666666666666667,118.0,1077.7557553634545,200,400,280,285.0,960.0,67.0
260.0,408.0,0.0,0.006666666666666667,248.0,1138.9552016126606,200,408,260,285.0,960.0,67.0
264.0,408.0,0.0,0.006666666666666667,360.0,1172.3650260187972,200,408,264,285.0,960.0,67.0
268.0,408.0,0.0,0.006666666666666667,291.0,1153.0526360664742,200,408,268,285.0,960.0,67.0
272.0,408.0,0.0,0.006666666666666667,164.0,1104.0462412774896,200,408,272,285.0,960.0,67.0
260.0,416.0,0.0,0.006666666666666667,101.0,1065.7628888760817,200,416,260,285.0,960.0,67.0
264.0,416.0,0.0,0.006666666666666667,113.0,1074.3908276501156,200,416,264,285.0,960.0,67.0
256.0,344.0,0.0,0.0075,102.0,1066.514497451543,225,344,256,285.0,960.0,67.0
248.0,352.0,0.0,0.0075,128.0,1084.1351696996758,225,352,248,285.0,960.0,67.0
252.0,352.0,0.0,0.0075,137.0,1089.522369246041,225,352,252,285.0,960.0,67.0
256.0,352.0,0.0,0.0075,122.0,1080.3610016411455,225,352,256,285.0,960.0,67.0
264.0,352.0,0.0,0.0075,168.0,1106.0213831594526,225,352,264,285.0,960.0,67.0
248.0,360.0,0.0,0.0075,113.0,1074.3908276501156,225,360,248,285.0,960.0,67.0
252.0,360.0,0.0,0.0075,143.0,1092.9483177711356,225,360,252,285.0,960.0,67.0
256.0,360.0,0.0,0.0075,187.0,1114.8898573358474,225,360,256,285.0,960.0,67.0
260.0,360.0,0.0,0.0075,137.0,1089.522369246041,225,360,260,285.0,960.0,67.0
264.0,360.0,0.0,0.0075,177.0,1110.3231239806616,225,360,264,285.0,960.0,67.0
252.0,368.0,0.0,0.0075,141.0,1091.820194839102,225,368,252,285.0,960.0,67.0
256.0,368.0,0.0,0.0075,221.0,1129.0050661497055,225,368,256,285.0,960.0,67.0
260.0,368.0,0.0,0.0075,251.0,1140.0033072210144,225,368,260,285.0,960.0,67.0
264.0,368.0,0.0,0.0075,336.0,1166.0323569381837,225,368,264,285.0,960.0,67.0
276.0,368.0,0.0,0.0075,116.0,1076.4246970775782,225,368,276,285.0,960.0,67.0
256.0,376.0,0.0,0.0075,312.0,1159.3062300400234,225,376,256,285.0,960.0,67.0
260.0,376.0,0.0,0.0075,380.0,1177.3761780280881,225,376,260,285.0,960.0,67.0
264.0,376.0,0.0,0.0075,586.0,1219.1309458687338,225,376,264,285.0,960.0,67.0
268.0,376.0,0.0,0.0075,136.0,1088.9389755037753,225,376,268,285.0,960.0,67.0
276.0,376.0,0.0,0.0075,100.0,1065.0048772423042,225,376,276,285.0,960.0,67.0
244.0,384.0,0.0,0.0075,100.0,1065.0048772423042,225,384,244,285.0,960.0,67.0
248.0,384.0,0.0,0.0075,118.0,1077.7557553634545,225,384,248,285.0,960.0,67.0
252.0,384.0,0.0,0.0075,166.0,1105.0388773363795,225,384,252,285.0,960.0,67.0
256.0,384.0,0.0,0.0075,342.0,1167.6503955359974,225,384,256,285.0,960.0,67.0
260.0,384.0,0.0,0.0075,510.0,1205.4197356448376,225,384,260,285.0,960.0,67.0
264.0,384.0,0.0,0.0075,928.0,1266.8353597774362,225,384,264,285.0,960.0,67.0
268.0,384.0,0.0,0.0075,229.0,1132.0560172955998,225,384,268,285.0,960.0,67.0
272.0,384.0,0.0,0.0075,139.0,1090.6783357202166,225,384,272,285.0,960.0,67.0
244.0,392.0,0.0,0.0075,127.0,1083.5167871222163,225,392,244,285.0,960.0,67.0
248.0,392.0,0.0,0.0075,172.0,1107.95689149227,225,392,248,285.0,960.0,67.0
252.0,392.0,0.0,0.0075,223.0,1129.7764745987115,225,392,252,285.0,960.0,67.0
256.0,392.0,0.0,0.0075,359.0,1172.1083710161508,225,392,256,285.0,960.0,67.0
260.0,392.0,0.0,0.0075,652.0,1229.880434372195,225,392,260,285.0,960.0,67.0
264.0,392.0,0.0,0.0075,1244.0,1299.2631277341836,225,392,264,285.0,960.0,67.0
268.0,392.0,0.0,0.0075,273.0,1147.3812641840675,225,392,268,285.0,960.0,67.0
272.0,392.0,0.0,0.0075,168.0,1106.0213831594526,225,392,272,285.0,960.0,67.0
244.0,400.0,0.0,0.0075,114.0,1075.073863213154,225,400,244,285.0,960.0,67.0
248.0,400.0,0.0,0.0075,208.0,1123.8413736765197,225,400,248,285.0,960.0,67.0
252.0,400.0,0.0,0.0075,292.0,1153.3589331817295,225,400,252,285.0,960.0,67.0
256.0,400.0,0.0,0.0075,422.0,1187.2161899450869,225,400,256,285.0,960.0,67.0
260.0,400.0,0.0,0.0075,902.0,1263.7776155791246,225,400,260,285.0,960.0,67.0
264.0,400.0,0.0,0.0075,2079.0,1360.3415435527377,225,400,264,285.0,960.0,67.0
268.0,400.0,0.0,0.0075,400.0,1182.1701562568837,225,400,268,285.0,960.0,67.0
272.0,400.0,0.0,0.0075,185.0,1113.9934091132313,225,400,272,285.0,960.0,67.0
276.0,400.0,0.0,0.0075,107.0,1070.1804722621068,225,400,276,285.0,960.0,67.0
248.0,408.0,0.0,0.0075,155.0,1099.4476092988436,225,408,248,285.0,960.0,67.0
252.0,408.0,0.0,0.0075,314.0,1159.8831065501852,225,408,252,285.0,960.0,67.0
256.0,408.0,0.0,0.0075,545.0,1211.9324734436373,225,408,256,285.0,960.0,67.0
260.0,408.0,0.0,0.0075,1250.0,1299.8095611797548,225,408,260,285.0,960.0,67.0
264.0,408.0,0.0,0.0075,3175.0,1415.2873517782148,225,408,264,285.0,960.0,67.0
268.0,408.0,0.0,0.0075,550.0,1212.834097621975,225,408,268,285.0,960.0,67.0
272.0,408.0,0.0,0.0075,198.0,1119.6794657179234,225,408,272,285.0,960.0,67.0
276.0,408.0,0.0,0.0075,100.0,1065.0048772423042,225,408,276,285.0,960.0,67.0
252.0,416.0,0.0,0.0075,217.0,1127.4443183331066,225,416,252,285.0,960.0,67.0
256.0,416.0,0.0,0.0075,564.0,1215.3226830222661,225,416,256,285.0,960.0,67.0
260.0,416.0,0.0,0.0075,2216.0,1368.3420848730616,225,416,260,285.0,960.0,67.0
264.0,416.0,0.0,0.0075,4095.0,1450.5594629649443,225,416,264,285.0,960.0,67.0
268.0,416.0,0.0,0.0075,584.0,1218.7897228853717,225,416,268,285.0,960.0,67.0
272.0,416.0,0.0,0.0075,188.0,1115.335029051341,225,416,272,285.0,960.0,67.0
252.0,424.0,0.0,0.0075,144.0,1093.5073400847941,225,424,252,285.0,960.0,67.0
256.0,424.0,0.0,0.0075,462.0,1195.8503395406258,225,424,256,285.0,960.0,67.0
260.0,424.0,0.0,0.0075,4095.0,1450.5594629649443,225,424,260,285.0,960.0,67.0
264.0,424.0,0.0,0.0075,4095.0,1450.5594629649443,225,424,264,285.0,960.0,67.0
268.0,424.0,0.0,0.0075,868.0,1259.6668565435225,225,424,268,285.0,960.0,67.0
272.0,424.0,0.0,0.0075,262.0,1143.7578199536936,225,424,272,285.0,960.0,67.0
276.0,424.0,0.0,0.0075,125.0,1082.267437985978,225,424,276,285.0,960.0,67.0
248.0,432.0,0.0,0.0075,111.0,1073.0090954733719,225,432,248,285.0,960.0,67.0
252.0,432.0,0.0,0.0075,147.0,1095.164766468028,225,432,252,285.0,960.0,67.0
256.0,432.0,0.0,0.0075,442.0,1191.615261368984,225,432,256,285.0,960.0,67.0
260.0,432.0,0.0,0.0075,4095.0,1450.5594629649443,225,432,260,285.0,960.0,67.0
264.0,432.0,0.0,0.0075,4095.0,1450.5594629649443,225,432,264,285.0,960.0,67.0
268.0,432.0,0.0,0.0075,2651.0,1391.3350383169266,225,432,268,285.0,960.0,67.0
272.0,432.0,0.0,0.0075,496.0,1202.7094753836634,225,432,272,285.0,960.0,67.0
276.0,432.0,0.0,0.0075,213.0,1125.8589725986776,225,432,276,285.0,960.0,67.0
280.0,432.0,0.0,0.0075,103.0,1067.2598197945529,225,432,280,285.0,960.0,67.0
252.0,440.0,0.0,0.0075,116.0,1076.4246970775782,225,440,252,285.0,960.0,67.0
256.0,440.0,0.0,0.0075,224.0,1130.1599811384674,225,440,256,285.0,960.0,67.0
260.0,440.0,0.0,0.0075,891.0,1262.4619304542618,225,440,260,285.0,960.0,67.0
264.0,440.0,0.0,0.0075,1524.0,1322.7297684299813,225,440,264,285.0,960.0,67.0
268.0,440.0,0.0,0.0075,811.0,1252.4654837911273,225,440,268,285.0,960.0,67.0
272.0,440.0,0.0,0.0075,530.0,1209.1854540761847,225,440,272,285.0,960.0,67.0
276.0,440.0,0.0,0.0075,208.0,1123.8413736765197,225,440,276,285.0,960.0,67.0
280.0,440.0,0.0,0.0075,108.0,1070.8960063436866,225,440,280,285.0,960.0,67.0
260.0,448.0,0.0,0.0075,193.0,1117.5311570580268,225,448,260,285.0,960.0,67.0
264.0,448.0,0.0,0.0075,264.0,1144.426078471377,225,448,264,285.0,960.0,67.0
268.0,448.0,0.0,0.0075,206.0,1123.0227929097725,225,448,268,285.0,960.0,67.0
272.0,448.0,0.0,0.0075,152.0,1097.8641198244743,225,448,272,285.0,960.0,67.0
264.0,456.0,0.0,0.0075,104.0,1067.998969485603,225,456,264,285.0,960.0,67.0
264.0,392.0,0.0,0.008333333333333333,108.0,1070.8960063436866,250,392,264,285.0,960.0,67.0
264.0,400.0,0.0,0.008333333333333333,143.0,1092.9483177711356,250,400,264,285.0,960.0,67.0
264.0,408.0,0.0,0.008333333333333333,203.0,1121.7821811058407,250,408,264,285.0,960.0,67.0
256.0,416.0,0.0,0.008333333333333333,110.0,1072.3102227508348,250,416,256,285.0,960.0,67.0
260.0,416.0,0.0,0.008333333333333333,209.0,1124.2481615578747,250,416,260,285.0,960.0,67.0
264.0,416.0,0.0,0.008333333333333333,591.0,1219.9797672401658,250,416,264,285.0,960.0,67.0
248.0,424.0,0.0,0.008333333333333333,111.0,1073.0090954733719,250,424,248,285.0,960.0,67.0
252.0,424.0,0.0,0.008333333333333333,138.0,1090.1021397018658,250,424,252,285.0,960.0,67.0
256.0,424.0,0.0,0.008333333333333333,149.0,1096.2537635978442,250,424,256,285.0,960.0,67.0
260.0,424.0,0.0,0.008333333333333333,351.0,1170.033169183757,250,424,260,285.0,960.0,67.0
264.0,424.0,0.0,0.008333333333333333,963.0,1270.8414344720084,250,424,264,285.0,960.0,67.0
268.0,424.0,0.0,0.008333333333333333,150.0,1096.7935958471485,250,424,268,285.0,960.0,67.0
272.0,424.0,0.0,0.008333333333333333,102.0,1066.514497451543,250,424,272,285.0,960.0,67.0
248.0,432.0,0.0,0.008333333333333333,137.0,1089.522369246041,250,432,248,285.0,960.0,67.0
252.0,432.0,0.0,0.008333333333333333,167.0,1105.5313823642557,250,432,252,285.0,960.0,67.0
256.0,432.0,0.0,0.008333333333333333,220.0,1128.6171395240606,250,432,256,285.0,960.0,67.0
260.0,432.0,0.0,0.008333333333333333,547.0,1212.2939498204519,250,432,260,285.0,960.0,67.0
264.0,432.0,0.0,0.008333333333333333,1300.0,1304.2811499438114,250,432,264,285.0,960.0,67.0
268.0,432.0,0.0,0.008333333333333333,282.0,1150.2551969369374,250,432,268,285.0,960.0,67.0
272.0,432.0,0.0,0.008333333333333333,127.0,1083.5167871222163,250,432,272,285.0,960.0,67.0
248.0,440.0,0.0,0.008333333333333333,152.0,1097.8641198244743,250,440,248,285.0,960.0,67.0
252.0,440.0,0.0,0.008333333333333333,208.0,1123.8413736765197,250,440,252,285.0,960.0,67.0
256.0,440.0,0.0,0.008333333333333333,286.0,1151.5076796649075,250,440,256,285.0,960.0,67.0
260.0,440.0,0.0,0.008333333333333333,826.0,1254.4003193722465,250,440,260,285.0,960.0,67.0
264.0,440.0,0.0,0.008333333333333333,2066.0,1359.5603052415363,250,440,264,285.0,960.0,67.0
268.0,440.0,0.0,0.008333333333333333,355.0,1171.0756930093005,250,440,268,285.0,960.0,67.0
272.0,440.0,0.0,0.008333333333333333,140.0,1091.2510051442594,250,440,272,285.0,960.0,67.0
248.0,448.0,0.0,0.008333333333333333,187.0,1114.8898573358474,250,448,248,285.0,960.0,67.0
252.0,448.0,0.0,0.008333333333333333,289.0,1152.4373649955749,250,448,252,285.0,960.0,67.0
256.0,448.0,0.0,0.008333333333333333,380.0,1177.3761780280881,250,448,256,285.0,960.0,67.0
260.0,448.0,0.0,0.008333333333333333,1381.0,1311.2337220504312,250,448,260,285.0,960.0,67.0
264.0,448.0,0.0,0.008333333333333333,3587.0,1431.9762040326762,250,448,264,285.0,960.0,67.0
268.0,448.0,0.0,0.008333333333333333,500.0,1203.4903054218178,250,448,268,285.0,960.0,67.0
272.0,448.0,0.0,0.008333333333333333,205.0,1122.6109698176267,250,448,272,285.0,960.0,67.0
248.0,456.0,0.0,0.008333333333333333,101.0,1065.7628888760817,250,456,248,285.0,960.0,67.0
252.0,456.0,0.0,0.008333333333333333,262.0,1143.7578199536936,250,456,252,285.0,960.0,67.0
256.0,456.0,0.0,0.008333333333333333,476.0,1198.7243100420383,250,456,256,285.0,960.0,67.0
260.0,456.0,0.0,0.008333333333333333,2285.0,1372.220385515865,250,456,260,285.0,960.0,67.0
264.0,456.0,0.0,0.008333333333333333,4095.0,1450.5594629649443,250,456,264,285.0,960.0,67.0
268.0,456.0,0.0,0.008333333333333333,614.0,1223.8087834956127,250,456,268,285.0,960.0,67.0
272.0,456.0,0.0,0.008333333333333333,211.0,1125.0568062873285,250,456,272,285.0,960.0,67.0
252.0,464.0,0.0,0.008333333333333333,123.0,1081.000889251737,250,464,252,285.0,960.0,67.0
256.0,464.0,0.0,0.008333333333333333,471.0,1197.7061273497054,250,464,256,285.0,960.0,67.0
260.0,464.0,0.0,0.008333333333333333,3766.0,1438.751118652629,250,464,260,285.0,960.0,67.0
264.0,464.0,0.0,0.008333333333333333,4095.0,1450.5594629649443,250,464,264,285.0,960.0,67.0
268.0,464.0,0.0,0.008333333333333333,1109.0,1286.3539595844986,250,464,268,285.0,960.0,67.0
272.0,464.0,0.0,0.008333333333333333,293.0,1153.6643455846058,250,464,272,285.0,960.0,67.0
276.0,464.0,0.0,0.008333333333333333,129.0,1084.749438980484,250,464,276,285.0,960.0,67.0
248.0,472.0,0.0,0.008333333333333333,108.0,1070.8960063436866,250,472,248,285.0,960.0,67.0
252.0,472.0,0.0,0.008333333333333333,151.0,1097.3303686926968,250,472,252,285.0,960.0,67.0
256.0,472.0,0.0,0.008333333333333333,377.0,1176.638871867399,250,472,256,285.0,960.0,67.0
260.0,472.0,0.0,0.008333333333333333,4095.0,1450.5594629649443,250,472,260,285.0,960.0,67.0
264.0,472.0,0.0,0.008333333333333333,4095.0,1450.5594629649443,250,472,264,285.0,960.0,67.0
268.0,472.0,0.0,0.008333333333333333,2155.0,1364.8309188400333,250,472,268,285.0,960.0,67.0
272.0,472.0,0.0,0.008333333333333333,569.0,1216.1989572333976,250,472,272,285.0,960.0,67.0
276.0,472.0,0.0,0.008333333333333333,201.0,1120.9464303233817,250,472,276,285.0,960.0,67.0
252.0,480.0,0.0,0.008333333333333333,104.0,1067.998969485603,250,480,252,285.0,960.0,67.0
256.0,480.0,0.0,0.008333333333333333,145.0,1094.0630608713254,250,480,256,285.0,960.0,67.0
260.0,480.0,0.0,0.008333333333333333,426.0,1188.109802351742,250,480,260,285.0,960.0,67.0
264.0,480.0,0.0,0.008333333333333333,785.0,1249.04022593449,250,480,264,285.0,960.0,67.0
268.0,480.0,0.0,0.008333333333333333,560.0,1214.616976678986,250,480,268,285.0,960.0,67.0
272.0,480.0,0.0,0.008333333333333333,361.0,1172.6210814710557,250,480,272,285.0,960.0,67.0
276.0,480.0,0.0,0.008333333333333333,177.0,1110.3231239806616,250,480,276,285.0,960.0,67.0
260.0,488.0,0.0,0.008333333333333333,119.0,1078.4140640581338,250,488,260,285.0,960.0,67.0
264.0,488.0,0.0,0.008333333333333333,209.0,1124.2481615578747,250,488,264,285.0,960.0,67.0
268.0,488.0,0.0,0.008333333333333333,185.0,1113.9934091132313,250,488,268,285.0,960.0,67.0
272.0,488.0,0.0,0.008333333333333333,119.0,1078.4140640581338,250,488,272,285.0,960.0,67.0
264.0,432.0,0.0,0.009166666666666667,100.0,1065.0048772423042,275,432,264,285.0,960.0,67.0
256.0,440.0,0.0,0.009166666666666667,115.0,1075.751792144178,275,440,256,285.0,960.0,67.0
260.0,440.0,0.0,0.009166666666666667,123.0,1081.000889251737,275,440,260,285.0,960.0,67.0
264.0,440.0,0.0,0.009166666666666667,176.0,1109.854467922822,275,440,264,285.0,960.0,67.0
256.0,448.0,0.0,0.009166666666666667,153.0,1098.394886222793,275,448,256,285.0,960.0,67.0
260.0,448.0,0.0,0.009166666666666667,269.0,1146.0781789049004,275,448,260,285.0,960.0,67.0
264.0,448.0,0.0,0.009166666666666667,478.0,1199.1290743047136,275,448,264,285.0,960.0,67.0
268.0,448.0,0.0,0.009166666666666667,144.0,1093.5073400847941,275,448,268,285.0,960.0,67.0
276.0,448.0,0.0,0.009166666666666667,115.0,1075.751792144178,275,448,276,285.0,960.0,67.0
252.0,456.0,0.0,0.009166666666666667,144.0,1093.5073400847941,275,456,252,285.0,960.0,67.0
256.0,456.0,0.0,0.009166666666666667,241.0,1136.4672321239132,275,456,256,285.0,960.0,67.0
260.0,456.0,0.0,0.009166666666666667,401.0,1182.4045207621473,275,456,260,285.0,960.0,67.0
264.0,456.0,0.0,0.009166666666666667,1024.0,1277.544176930819,275,456,264,285.0,960.0,67.0
268.0,456.0,0.0,0.009166666666666667,292.0,1153.3589331817295,275,456,268,285.0,960.0,67.0
272.0,456.0,0.0,0.009166666666666667,181.0,1112.1755119612906,275,456,272,285.0,960.0,67.0
276.0,456.0,0.0,0.009166666666666667,114.0,1075.073863213154,275,456,276,285.0,960.0,67.0
280.0,456.0,0.0,0.009166666666666667,125.0,1082.267437985978,275,456,280,285.0,960.0,67.0
252.0,464.0,0.0,0.009166666666666667,129.0,1084.749438980484,275,464,252,285.0,960.0,67.0
256.0,464.0,0.0,0.009166666666666667,274.0,1147.7045116315987,275,464,256,285.0,960.0,67.0
260.0,464.0,0.0,0.009166666666666667,665.0,1231.8898761451323,275,464,260,285.0,960.0,67.0
264.0,464.0,0.0,0.009166666666666667,1378.0,1310.982273212552,275,464,264,285.0,960.0,67.0
268.0,464.0,0.0,0.009166666666666667,432.0,1189.4370997353392,275,464,268,285.0,960.0,67.0
272.0,464.0,0.0,0.009166666666666667,281.0,1149.9397318027447,275,464,272,285.0,960.0,67.0
276.0,464.0,0.0,0.009166666666666667,176.0,1109.854467922822,275,464,276,285.0,960.0,67.0
280.0,464.0,0.0,0.009166666666666667,121.0,1079.7166149741097,275,464,280,285.0,960.0,67.0
252.0,472.0,0.0,0.009166666666666667,124.0,1081.6363458691983,275,472,252,285.0,960.0,67.0
256.0,472.0,0.0,0.009166666666666667,339.0,1166.8443930308977,275,472,256,285.0,960.0,67.0
260.0,472.0,0.0,0.009166666666666667,966.0,1271.1791748979902,275,472,260,285.0,960.0,67.0
264.0,472.0,0.0,0.009166666666666667,1877.0,1347.72421455486,275,472,264,285.0,960.0,67.0
268.0,472.0,0.0,0.009166666666666667,670.0,1232.6540276878152,275,472,268,285.0,960.0,67.0
272.0,472.0,0.0,0.009166666666666667,311.0,1159.0166208270755,275,472,272,285.0,960.0,67.0
276.0,472.0,0.0,0.009166666666666667,201.0,1120.9464303233817,275,472,276,285.0,960.0,67.0
280.0,472.0,0.0,0.009166666666666667,100.0,1065.0048772423042,275,472,280,285.0,960.0,67.0
252.0,480.0,0.0,0.009166666666666667,149.0,1096.2537635978442,275,480,252,285.0,960.0,67.0
256.0,480.0,0.0,0.009166666666666667,410.0,1184.4919868822117,275,480,256,285.0,960.0,67.0
260.0,480.0,0.0,0.009166666666666667,1256.0,1300.3538401122587,275,480,260,285.0,960.0,67.0
264.0,480.0,0.0,0.009166666666666667,2853.0,1400.9856280793265,275,480,264,285.0,960.0,67.0
268.0,480.0,0.0,0.009166666666666667,670.0,1232.6540276878152,275,480,268,285.0,960.0,67.0
272.0,480.0,0.0,0.009166666666666667,307.0,1157.8502678387476,275,480,272,285.0,960.0,67.0
276.0,480.0,0.0,0.009166666666666667,148.0,1095.7108335266212,275,480,276,285.0,960.0,67.0
252.0,488.0,0.0,0.009166666666666667,156.0,1099.9696365472435,275,488,252,285.0,960.0,67.0
256.0,488.0,0.0,0.009166666666666667,456.0,1194.5962340754154,275,488,256,285.0,960.0,67.0
260.0,488.0,0.0,0.009166666666666667,1924.0,1350.7552359532249,275,488,260,285.0,960.0,67.0
264.0,488.0,0.0,0.009166666666666667,4095.0,1450.5594629649443,275,488,264,285.0,960.0,67.0
268.0,488.0,0.0,0.009166666666666667,679.0,1234.0176069091701,275,488,268,285.0,960.0,67.0
272.0,488.0,0.0,0.009166666666666667,224.0,1130.1599811384674,275,488,272,285.0,960.0,67.0
276.0,488.0,0.0,0.009166666666666667,124.0,1081.6363458691983,275,488,276,285.0,960.0,67.0
252.0,496.0,0.0,0.009166666666666667,110.0,1072.3102227508348,275,496,252,285.0,960.0,67.0
256.0,496.0,0.0,0.009166666666666667,483.0,1200.1348097263829,275,496,256,285.0,960.0,67.0
260.0,496.0,0.0,0.009166666666666667,3261.0,1418.9087378729328,275,496,260,285.0,960.0,67.0
264.0,496.0,0.0,0.009166666666666667,4095.0,1450.5594629649443,275,496,264,285.0,960.0,67.0
268.0,496.0,0.0,0.009166666666666667,626.0,1225.7592222800047,275,496,268,285.0,960.0,67.0
272.0,496.0,0.0,0.009166666666666667,182.0,1112.6331644835116,275,496,272,285.0,960.0,67.0
276.0,496.0,0.0,0.009166666666666667,114.0,1075.073863213154,275,496,276,285.0,960.0,67.0
252.0,504.0,0.0,0.009166666666666667,127.0,1083.5167871222163,275,504,252,285.0,960.0,67.0
256.0,504.0,0.0,0.009166666666666667,370.0,1174.899101273016,275,504,256,285.0,960.0,67.0
260.0,504.0,0.0,0.009166666666666667,4095.0,1450.5594629649443,275,504,260,285.0,960.0,67.0
264.0,504.0,0.0,0.009166666666666667,4095.0,1450.5594629649443,275,504,264,285.0,960.0,67.0
268.0,504.0,0.0,0.009166666666666667,2231.0,1369.1934467072565,275,504,268,285.0,960.0,67.0
272.0,504.0,0.0,0.009166666666666667,414.0,1185.4074113536424,275,504,272,285.0,960.0,67.0
276.0,504.0,0.0,0.009166666666666667,156.0,1099.9696365472435,275,504,276,285.0,960.0,67.0
280.0,504.0,0.0,0.009166666666666667,100.0,1065.0048772423042,275,504,280,285.0,960.0,67.0
252.0,512.0,0.0,0.009166666666666667,154.0,1098.9227041762035,275,512,252,285.0,960.0,67.0
256.0,512.0,0.0,0.009166666666666667,346.0,1168.7158489462486,275,512,256,285.0,960.0,67.0
260.0,512.0,0.0,0.009166666666666667,3652.0,1434.467004556345,275,512,260,285.0,960.0,67.0
264.0,512.0,0.0,0.009166666666666667,4095.0,1450.5594629649443,275,512,264,285.0,960.0,67.0
268.0,512.0,0.0,0.009166666666666667,1599.0,1328.4093126699588,275,512,268,285.0,960.0,67.0
272.0,512.0,0.0,0.009166666666666667,568.0,1216.0242186270711,275,512,272,285.0,960.0,67.0
276.0,512.0,0.0,0.009166666666666667,220.0,1128.6171395240606,275,512,276,285.0,960.0,67.0
260.0,520.0,0.0,0.009166666666666667,292.0,1153.3589331817295,275,520,260,285.0,960.0,67.0
264.0,520.0,0.0,0.009166666666666667,533.0,1209.7400147771596,275,520,264,285.0,960.0,67.0
268.0,520.0,0.0,0.009166666666666667,385.0,1178.5942109752912,275,520,268,285.0,960.0,67.0
272.0,520.0,0.0,0.009166666666666667,288.0,1152.1283795475254,275,520,272,285.0,960.0,67.0
276.0,520.0,0.0,0.009166666666666667,146.0,1094.6155224895754,275,520,276,285.0,960.0,67.0
260.0,528.0,0.0,0.009166666666666667,120.0,1079.0676595659613,275,528,260,285.0,960.0,67.0
264.0,528.0,0.0,0.009166666666666667,175.0,1109.3835410957636,275,528,264,285.0,960.0,67.0
268.0,528.0,0.0,0.009166666666666667,165.0,1104.5438398724916,275,528,268,285.0,960.0,67.0
264.0,536.0,0.0,0.009166666666666667,101.0,1065.7628888760817,275,536,264,285.0,960.0,67.0
264.0,472.0,0.0,0.01,104.0,1067.998969485603,300,472,264,285.0,960.0,67.0
260.0,480.0,0.0,0.01,118.0,1077.7557553634545,300,480,260,285.0,960.0,67.0
264.0,480.0,0.0,0.01,197.0,1119.2535203443717,300,480,264,285.0,960.0,67.0
260.0,488.0,0.0,0.01,223.0,1129.7764745987115,300,488,260,285.0,960.0,67.0
264.0,488.0,0.0,0.01,593.0,1220.3176172813673,300,488,264,285.0,960.0,67.0
268.0,488.0,0.0,0.01,170.0,1106.9939824738008,300,488,268,285.0,960.0,67.0
272.0,488.0,0.0,0.01,181.0,1112.1755119612906,300,488,272,285.0,960.0,67.0
276.0,488.0,0.0,0.01,121.0,1079.7166149741097,300,488,276,285.0,960.0,67.0
280.0,488.0,0.0,0.01,102.0,1066.514497451543,300,488,280,285.0,960.0,67.0
248.0,496.0,0.0,0.01,130.0,1085.3596542944422,300,496,248,285.0,960.0,67.0
252.0,496.0,0.0,0.01,152.0,1097.8641198244743,300,496,252,285.0,960.0,67.0
256.0,496.0,0.0,0.01,182.0,1112.6331644835116,300,496,256,285.0,960.0,67.0
260.0,496.0,0.0,0.01,353.0,1170.55567475653,300,496,260,285.0,960.0,67.0
264.0,496.0,0.0,0.01,1042.0,1279.4588811051203,300,496,264,285.0,960.0,67.0
268.0,496.0,0.0,0.01,341.0,1167.3823923344173,300,496,268,285.0,960.0,67.0
272.0,496.0,0.0,0.01,295.0,1154.272538624826,300,496,272,285.0,960.0,67.0
276.0,496.0,0.0,0.01,240.0,1136.1068266888913,300,496,276,285.0,960.0,67.0
280.0,496.0,0.0,0.01,124.0,1081.6363458691983,300,496,280,285.0,960.0,67.0
248.0,504.0,0.0,0.01,118.0,1077.7557553634545,300,504,248,285.0,960.0,67.0
252.0,504.0,0.0,0.01,196.0,1118.8257344559634,300,504,252,285.0,960.0,67.0
256.0,504.0,0.0,0.01,328.0,1163.8366573338487,300,504,256,285.0,960.0,67.0
260.0,504.0,0.0,0.01,637.0,1227.5199127575183,300,504,260,285.0,960.0,67.0
264.0,504.0,0.0,0.01,1373.0,1310.5621909355848,300,504,264,285.0,960.0,67.0
268.0,504.0,0.0,0.01,423.0,1187.440257722099,300,504,268,285.0,960.0,67.0
272.0,504.0,0.0,0.01,358.0,1171.851113357228,300,504,272,285.0,960.0,67.0
276.0,504.0,0.0,0.01,253.0,1140.6961680877791,300,504,276,285.0,960.0,67.0
280.0,504.0,0.0,0.01,163.0,1103.546052352859,300,504,280,285.0,960.0,67.0
248.0,512.0,0.0,0.01,120.0,1079.0676595659613,300,512,248,285.0,960.0,67.0
252.0,512.0,0.0,0.01,284.0,1150.8833015679336,300,512,252,285.0,960.0,67.0
256.0,512.0,0.0,0.01,483.0,1200.1348097263829,300,512,256,285.0,960.0,67.0
260.0,512.0,0.0,0.01,918.0,1265.6678050223813,300,512,260,285.0,960.0,67.0
264.0,512.0,0.0,0.01,1853.0,1346.1525255546874,300,512,264,285.0,960.0,67.0
268.0,512.0,0.0,0.01,514.0,1206.1826471649495,300,512,268,285.0,960.0,67.0
272.0,512.0,0.0,0.01,318.0,1161.0276203301332,300,512,272,285.0,960.0,67.0
276.0,512.0,0.0,0.01,230.0,1132.431006901382,300,512,276,285.0,960.0,67.0
280.0,512.0,0.0,0.01,117.0,1077.0926586091684,300,512,280,285.0,960.0,67.0
252.0,520.0,0.0,0.01,271.0,1146.7317544873076,300,520,252,285.0,960.0,67.0
256.0,520.0,0.0,0.01,613.0,1223.6448151001043,300,520,256,285.0,960.0,67.0
260.0,520.0,0.0,0.01,1556.0,1325.180427676533,300,520,260,285.0,960.0,67.0
264.0,520.0,0.0,0.01,3445.0,1426.4064440894829,300,520,264,285.0,960.0,67.0
268.0,520.0,0.0,0.01,541.0,1211.2061799953008,300,520,268,285.0,960.0,67.0
272.0,520.0,0.0,0.01,245.0,1137.8963059810992,300,520,272,285.0,960.0,67.0
276.0,520.0,0.0,0.01,104.0,1067.998969485603,300,520,276,285.0,960.0,67.0
252.0,528.0,0.0,0.01,137.0,1089.522369246041,300,528,252,285.0,960.0,67.0
256.0,528.0,0.0,0.01,523.0,1207.8811931563514,300,528,256,285.0,960.0,67.0
260.0,528.0,0.0,0.01,2266.0,1371.162035232554,300,528,260,285.0,960.0,67.0
264.0,528.0,0.0,0.01,4095.0,1450.5594629649443,300,528,264,285.0,960.0,67.0
268.0,528.0,0.0,0.01,550.0,1212.834097621975,300,528,268,285.0,960.0,67.0
272.0,528.0,0.0,0.01,191.0,1116.6585744238967,300,528,272,285.0,960.0,67.0
252.0,536.0,0.0,0.01,100.0,1065.0048772423042,300,536,252,285.0,960.0,67.0
256.0,536.0,0.0,0.01,361.0,1172.6210814710557,300,536,256,285.0,960.0,67.0
260.0,536.0,0.0,0.01,3873.0,1442.6788868990054,300,536,260,285.0,960.0,67.0
264.0,536.0,0.0,0.01,4095.0,1450.5594629649443,300,536,264,285.0,960.0,67.0
268.0,536.0,0.0,0.01,699.0,1236.9946970896701,300,536,268,285.0,960.0,67.0
272.0,536.0,0.0,0.01,229.0,1132.0560172955998,300,536,272,285.0,960.0,67.0
276.0,536.0,0.0,0.01,104.0,1067.998969485603,300,536,276,285.0,960.0,67.0
252.0,544.0,0.0,0.01,143.0,1092.9483177711356,300,544,252,285.0,960.0,67.0
256.0,544.0,0.0,0.01,446.0,1192.4749585957977,300,544,256,285.0,960.0,67.0
260.0,544.0,0.0,0.01,4095.0,1450.5594629649443,300,544,260,285.0,960.0,67.0
264.0,544.0,0.0,0.01,4095.0,1450.5594629649443,300,544,264,285.0,960.0,67.0
268.0,544.0,0.0,0.01,2423.0,1379.7003749054882,300,544,268,285.0,960.0,67.0
272.0,544.0,0.0,0.01,448.0,1192.9023835120622,300,544,272,285.0,960.0,67.0
276.0,544.0,0.0,0.01,160.0,1102.0296438104958,300,544,276,285.0,960.0,67.0
252.0,552.0,0.0,0.01,119.0,1078.4140640581338,300,552,252,285.0,960.0,67.0
256.0,552.0,0.0,0.01,274.0,1147.7045116315987,300,552,256,285.0,960.0,67.0
260.0,552.0,0.0,0.01,1091.0,1284.5360922352208,300,552,260,285.0,960.0,67.0
264.0,552.0,0.0,0.01,2853.0,1400.9856280793265,300,552,264,285.0,960.0,67.0
268.0,552.0,0.0,0.01,1010.0,1276.0356360642782,300,552,268,285.0,960.0,67.0
272.0,552.0,0.0,0.01,544.0,1211.7513190908753,300,552,272,285.0,960.0,67.0
276.0,552.0,0.0,0.01,241.0,1136.4672321239132,300,552,276,285.0,960.0,67.0
260.0,560.0,0.0,0.01,270.0,1146.405478429741,300,560,260,285.0,960.0,67.0
264.0,560.0,0.0,0.01,446.0,1192.4749585957977,300,560,264,285.0,960.0,67.0
268.0,560.0,0.0,0.01,340.0,1167.1137260421433,300,560,268,285.0,960.0,67.0
272.0,560.0,0.0,0.01,183.0,1113.0886837887156,300,560,272,285.0,960.0,67.0
276.0,560.0,0.0,0.01,134.0,1087.7611175615493,300,560,276,285.0,960.0,67.0
260.0,568.0,0.0,0.01,125.0,1082.267437985978,300,568,260,285.0,960.0,67.0
264.0,568.0,0.0,0.01,143.0,1092.9483177711356,300,568,264,285.0,960.0,67.0
268.0,568.0,0.0,0.01,103.0,1067.2598197945529,300,568,268,285.0,960.0,67.0
264.0,512.0,0.0,0.010833333333333334,110.0,1072.3102227508348,325,512,264,285.0,960.0,67.0
264.0,520.0,0.0,0.010833333333333334,170.0,1106.9939824738008,325,520,264,285.0,960.0,67.0
260.0,528.0,0.0,0.010833333333333334,129.0,1084.749438980484,325,528,260,285.0,960.0,67.0
264.0,528.0,0.0,0.010833333333333334,490.0,1201.5282822337488,325,528,264,285.0,960.0,67.0
260.0,536.0,0.0,0.010833333333333334,188.0,1115.335029051341,325,536,260,285.0,960.0,67.0
264.0,536.0,0.0,0.010833333333333334,691.0,1235.8124822964317,325,536,264,285.0,960.0,67.0
260.0,544.0,0.0,0.010833333333333334,262.0,1143.7578199536936,325,544,260,285.0,960.0,67.0
264.0,544.0,0.0,0.010833333333333334,971.0,1271.7401518212184,325,544,264,285.0,960.0,67.0
260.0,552.0,0.0,0.010833333333333334,512.0,1205.8018151142878,325,552,260,285.0,960.0,67.0
264.0,552.0,0.0,0.010833333333333334,1173.0,1292.626418083008,325,552,264,285.0,960.0,67.0
260.0,560.0,0.0,0.010833333333333334,493.0,1202.1203841016854,325,560,260,285.0,960.0,67.0
264.0,560.0,0.0,0.010833333333333334,1670.0,1333.5884481931676,325,560,264,285.0,960.0,67.0
260.0,568.0,0.0,0.010833333333333334,666.0,1232.043088564536,325,568,260,285.0,960.0,67.0
264.0,568.0,0.0,0.010833333333333334,2282.0,1372.0537533877525,325,568,264,285.0,960.0,67.0
260.0,576.0,0.0,0.010833333333333334,113.0,1074.3908276501156,325,576,260,285.0,960.0,67.0
264.0,576.0,0.0,0.010833333333333334,495.0,1202.5134440415165,325,576,264,285.0,960.0,67.0
264.0,568.0,0.0,0.011666666666666667,112.0,1073.7026007119105,350,568,264,285.0,960.0,67.0
